"";"Product_type";"Product_ID";"Prices";"5Stars";"4Stars";"3Stars";"2Stars";"1Stars";"Positive_service_review";"Negative_service_review";"Would_consumer_recomend__product";"Best_seller_rank";"Weigth";"Depth";"Width";"Heigth";"Profit_margin";"Volume";"Competitors";"Professional";"Age"
"1";"PC";101;949;3;3;2;0;0;2;0;0,9;1967;25,8;"23.94";6,62;16,89;0,15;12;3;0;2
"2";"PC";102;2249,99;2;1;0;0;0;1;0;0,9;4806;50;"35";31,75;19;0,25;8;3;0;3
"3";"PC";103;399;3;0;0;0;0;1;0;0,9;12076;17,4;"10.5";8,3;10,2;0,08;12;5;0;3
"4";"Laptop";104;409,99;49;19;8;3;9;7;8;0,8;109;5,7;"15";9,9;1,3;0,08;196;1;0;2
"5";"Laptop";105;1079,99;58;31;11;7;36;7;20;0,7;268;7;"12.9";0,3;8,9;0,09;232;3;1;2
"6";"Accessories";106;114,22;83;30;10;9;40;12;5;0,3;64;1,6;"5.8";4;1;0,05;332;2;0;3
"7";"Accessories";107;379,99;11;3;0;0;1;3;0;0,9;NA;7,3;"6.7";10,3;11,5;0,05;44;1;1;3
"8";"Accessories";108;65,29;33;19;12;5;9;5;3;0,7;2;12;"7.9";6,7;2,2;0,05;132;2;1;2
"9";"Accessories";109;119,99;16;9;2;0;2;2;1;0,8;NA;1,8;"10.6";9,4;4,7;0,05;64;3;1;2
"10";"Accessories";110;16,99;10;1;1;0;0;2;0;0,9;18;0,75;"10.7";13,1;0,6;0,05;40;5;1;3
"11";"Accessories";111;6,55;21;2;2;4;15;2;1;0,5;NA;1;"7.3";7;1,6;0,05;84;0;0;3
"12";"Accessories";112;15;75;25;6;3;3;9;2;0,2;7;2,2;"21.3";1,8;7,8;0,05;300;1;1;3
"13";"Accessories";113;52,5;10;8;5;0;1;2;0;0,8;NA;1,1;"15.6";3;15;0,05;40;0;0;3
"14";"Accessories";114;21,08;313;62;13;8;16;44;3;0,9;6;0,35;"5.7";3,5;8,3;0,05;1252;1;0;2
"15";"Accessories";115;18,98;349;118;27;7;5;57;3;0,9;NA;0,6;"1.7";13,5;10,2;0,05;1396;3;1;2
"16";"Accessories";116;3,6;8;6;3;2;1;0;0;0,8;927;0,01;"11.5";8,5;0,4;0,05;32;1;0;2
"17";"Accessories";117;3,6;11;5;2;2;1;0;0;0,8;661;0,01;"11.5";8,5;0,4;0,05;44;1;1;2
"18";"Accessories";118;174,99;170;100;23;20;20;310;6;0,8;1;1,4;"13.8";8,2;0,4;0,05;680;5;1;2
"19";"Accessories";119;9,99;15;12;4;0;4;3;1;0,8;NA;0,4;"11.1";7,6;0,5;0,05;60;4;0;2
"20";"Software";120;670;20;2;4;2;4;4;3;0,7;110;0,25;"5.8";1,4;7,8;0,15;80;1;0;3
"21";"Software";121;133,08;34;15;2;2;10;5;4;0,7;NA;3,2;"7.4";5,5;1,4;0,15;136;2;1;4
"22";"Software";122;124,99;394;187;63;42;86;55;38;0,8;1;0,15;"7.6";5,5;1,2;0,2;1576;0;1;4
"23";"Software";123;56,99;513;217;162;370;1654;144;112;0,3;398;0,55;"5.2";1,4;7,5;0,15;2052;0;1;1
"24";"Software";124;48,5;29;18;3;1;8;4;2;0,8;150;0,2;"8";7;1;0,2;116;5;1;4
"25";"Software";125;31,99;77;31;7;3;2;7;0;0,9;281;0,2;"0";0;0;0,3;308;4;1;3
"26";"Display";126;179,99;306;114;25;22;28;42;12;0,8;2;13,7;"8.5";22,3;17,5;0,08;1224;1;0;2
"27";"Printer";127;396,35;8;0;1;0;2;1;1;0,3;60;63;"17.9";15,9;12,7;0,12;32;1;0;3
"28";"Printer";128;262,98;22;8;3;1;3;5;1;0,8;29;57;"17.3";23,5;25,8;0,12;88;2;0;3
"29";"Printer Supplies";129;83,11;0;0;0;1;3;1;1;0,1;17502;10,3;"0";0;0;0,35;0;3;0;1
"30";"Printer Supplies";130;26,78;6;2;0;0;1;1;0;0,9;NA;1;"3.3";1,6;4,7;0,3;24;1;0;3
"31";"Printer Supplies";131;43,22;5;0;0;0;0;1;0;1;NA;1;"4.7";2,9;6,3;0,3;20;0;0;1
"32";"Extended Warranty";132;79,98;0;1;1;1;1;0;3;0,4;5;0,2;"0";0;0;0,4;0;2;1;4
"33";"Extended Warranty";133;87,98;5;0;2;0;1;0;1;0,6;11;0,2;"0";0;0;0,4;20;0;1;3
"34";"Extended Warranty";134;124,98;308;27;8;3;15;280;8;0,9;16;0,2;"0";0;0;0,4;1232;1;1;3
"35";"Extended Warranty";135;129,98;308;27;8;3;15;280;8;0,9;7;0,2;"0";0;0;0,4;1232;2;1;1
"36";"Extended Warranty";136;134,98;308;27;8;3;15;280;8;0,9;7;0,2;"0";0;0;0,4;1232;0;0;3
"37";"Extended Warranty";137;151,98;308;27;8;3;15;280;8;0,9;7;0,2;"0";0;0;0,4;1232;2;0;2
"38";"Extended Warranty";138;169,98;308;27;8;3;15;280;8;0,9;7;0,2;"0";0;0;0,4;1232;2;1;2
"39";"Extended Warranty";139;179,98;308;27;8;3;15;280;8;0,9;7;0,2;"0";0;0;0,4;1232;2;0;3
"40";"Extended Warranty";140;189,5;308;27;8;3;15;280;8;0,9;7;0,2;"0";0;0;0,4;1232;1;0;3
"41";"Extended Warranty";141;349,99;308;27;8;3;15;280;8;0,9;7;0,2;"0";0;0;0,4;1232;2;1;1
"42";"PC";142;609,99;21;7;3;0;12;5;3;0,6;NA;29,1;"20.95";8,47;20,71;0,09;84;5;0;3
"43";"Laptop";143;770,6;22;14;4;5;6;6;2;0,7;1473;3,54;"12.72";8,9;0,71;0,15;88;0;0;1
"44";"Accessories";144;3,84;92;29;8;4;10;12;3;0,8;17;1;"6.5";4,2;1,5;0,05;368;5;0;4
"45";"Accessories";145;6,99;384;31;13;5;20;50;1;0,9;9;1;"108";0,5;0,5;0,05;1536;3;1;2
"46";"Accessories";146;59,99;366;59;23;26;24;60;5;0,8;22;2,4;"7.9";1,4;19,1;0,05;1464;4;1;2
"47";"Accessories";147;38,66;209;83;35;38;36;15;4;0,7;11;0,4;"3.6";6,5;8,8;0,05;836;1;1;2
"48";"Accessories";148;10,75;535;261;134;104;177;120;15;0,7;3;1,5;"11.5";20;7,2;0,05;2140;2;1;1
"49";"Accessories";149;126,95;13;2;2;2;5;5;1;0,6;17;3;"5.9";1,8;6,7;0,05;52;1;0;1
"50";"Accessories";150;49,99;2801;431;157;154;270;536;22;0,8;30;0,4;"7";4,5;1,2;0,05;11204;1;0;1
"51";"Accessories";151;103,85;3;0;0;0;0;1;0;0,9;100;8;"4.8";1,3;4,8;0,05;12;4;1;4
"52";"Accessories";152;52,72;51;33;8;7;4;6;1;0,8;3;4;"6.6";5,5;5,2;0,05;204;2;0;3
"53";"Accessories";153;19,99;474;38;7;6;12;80;2;0,9;22;1,5;"300";0,5;0,5;0,05;1896;4;1;1
"54";"Accessories";154;16,24;108;54;12;2;6;7;3;0,9;27;0,55;"6";3;8,2;0,05;432;2;1;2
"55";"Accessories";155;69;226;37;3;7;8;13;1;0,9;27;3,8;"15";9,8;18,9;0,05;904;1;1;1
"56";"Display";156;359,99;90;27;10;4;4;7;3;0,9;1;7;"9.2";11,2;3,2;0,2;360;2;1;3
"57";"Display";157;1276,57;164;33;6;13;6;12;4;0,9;8;23;"15.5";17,7;5,7;0,25;656;4;0;3
"58";"Display";158;783,98;26;13;7;5;16;4;5;0,6;50;25;"29.2";9,9;23;0,16;104;4;1;3
"59";"Display";159;149,99;21;10;3;1;4;4;2;0,8;48;10;"20";15,3;6,4;0,17;84;3;1;4
"60";"Printer";160;129,99;74;25;7;6;9;4;2;0,9;6;32,2;"15.7";15,9;12,4;0,1;296;2;0;3
"61";"Printer";161;128,49;58;33;10;3;6;5;2;0,9;11;22,7;"15.7";15,9;10,6;0,12;232;5;0;4
"62";"Printer";162;141,95;4;0;0;0;3;0;1;0,5;76;25;"19.5";18;14;0,14;16;1;0;4
"63";"Printer";163;149,99;8;3;3;2;0;0;0;0,7;NA;35;"10.2";15,98;14,55;0,18;32;3;0;1
"64";"Printer";164;165,99;2;0;1;1;2;1;1;0,5;NA;31;"22.1";18,6;13,5;0,18;8;3;0;2
"65";"Printer";165;169,26;20;13;8;6;21;4;7;0,5;NA;32;"15.1";11,7;19,6;0,16;80;4;0;4
"66";"Printer";166;132,36;0;1;0;0;0;0;0;0,8;NA;30,2;"20.9";20,9;14,6;0,2;0;4;0;2
"67";"Printer";167;149,99;206;89;20;22;65;42;50;0,7;10;13;"8.8";13,7;7,6;0,15;824;0;0;3
"68";"Printer";168;395;8;0;1;0;2;3;0;0,8;69;63;"17.9";15,9;12,7;0,09;32;5;0;1
"69";"Printer";169;385,96;99;43;17;11;20;8;13;0,7;NA;39;"21";15,4;17,9;0,11;396;3;0;3
"70";"Netbook";177;379,99;1;0;1;1;0;0;1;0,3;6295;3;"7.44";10,43;1,02;0,1;4;3;1;3
"71";"Tablet";185;499;148;66;30;20;29;12;6;0,8;134;2,2;"7.1";10,4;0,3;0,13;592;0;0;3
"72";"Smartphone";190;199;4;1;0;2;2;1;1;0,5;829;1,1;"4.5";2,5;0,5;0,1;16;2;0;3
"73";"Game Console";198;129;1759;296;109;56;44;56;13;0,9;215;7,25;"8.5";6;1,75;0,18;7036;3;0;2
"74";"Tablet";188;499;86;51;17;12;9;14;2;0,8;4;2;"10.1";6,9;0,38;0,2;344;3;1;4
"75";"Tablet";189;419;3;1;0;0;0;0;0;0,9;544;2,2;"7";10,2;0,4;0,18;12;0;1;4
"76";"Smartphone";191;200;62;25;10;11;12;9;3;0,8;720;0,9;"2.8";5,4;0,3;0,14;248;4;1;3
"77";"Smartphone";192;99;18;17;6;2;12;5;4;0,7;5742;0,7;"2.8";5,3;0,4;0,17;72;1;1;4
"78";"Netbook";182;349,99;22;10;6;2;10;3;3;0,3;2723;5;"7.57";10,47;1,43;0,12;88;3;1;1
"79";"Smartphone";197;499;368;28;14;10;23;22;3;0,9;14086;0,9;"2.7";5;0,4;0,1;1472;2;0;3
"80";"Game Console";200;299,99;421;87;20;14;39;29;14;0,9;352;10,94;"12";11,5;7,25;0,12;1684;5;0;3
"81";"PC";202;1199;0;0;0;0;0;0;0;0,9;0;22,04;"7.1";25,86;21,11;0,1;162;2;0;3
"82";"PC";203;679,15;1;0;0;1;1;30;56;0,3;9;27,51;"14.76";23,33;17,17;0,03;813;2;0;4
"83";"PC";204;299;0;0;0;0;0;0;0;0,1;0;9,92;"20.03";16,04;6,65;0,32;64;4;0;1
"84";"PC";205;799;0;0;0;0;0;0;0;0,3;0;17,2;"6.69";22,52;17,95;0,26;63;3;0;3
"85";"PC";206;599,97;2;4;0;0;0;8;1;0,7;51;12,56;"6.42";12,4;12,09;0,45;44;5;0;3
"86";"PC";207;999;0;0;0;0;0;0;0;0,8;0;17,2;"6.69";22,52;17,95;0,33;105;4;0;2
"87";"PC";208;339,15;0;0;0;0;0;0;0;0,6;0;9,7;"3.94";10,83;12,09;0,29;9;0;0;2
"88";"PC";209;707;0;0;0;0;0;25;35;0,3;0;13,67;"02.05";22,05;17,52;0,35;23;4;0;4
"89";"PC";210;1099;3;0;2;2;1;17;3;0,7;93;38,8;"7.56";16,43;17,41;0,33;83;1;0;4
"90";"PC";211;399;0;0;0;0;0;0;0;0,7;0;17,64;"6.69";10,91;13,31;0,03;5;4;0;3
"91";"PC";212;699;0;0;0;0;0;6;8;0,5;0;17,2;"6.69";22,52;17,95;0,3;48;3;0;2
"92";"PC";213;748,99;4;0;1;0;2;8;1;0,9;12;18,74;"23.62";11,02;22,83;0,25;43;5;0;2
"93";"Laptop";214;214,88;0;0;0;0;0;7;1;0,9;0;4,41;"01.07";10,04;15;0,56;135;2;0;3
"94";"Laptop";215;90,08;4;4;1;1;1;84;35;0,6;51;3,09;"0.4";5,91;5,9;0,11;364;5;1;3
"95";"Laptop";216;825,62;0;0;0;0;0;0;0;0,7;0;5,78;"0.98";10,85;15,3;0,24;448;2;0;3
"96";"Laptop";217;990,91;1;0;0;0;0;82;54;0,9;75;0,55;"0.16";5,91;7,87;0,2;649;3;1;3
"97";"Laptop";218;291,74;6;5;4;1;2;14;1;0,7;624;4,1;"0.94";10;14,96;0,15;45;2;0;3
"98";"Laptop";219;577,69;0;0;0;0;0;64;24;0,9;559;4,41;"1.5";NA;10,87;0,29;38;3;0;4
"99";"Laptop";220;577,69;1;0;3;0;0;26;30;0,6;90;4,85;"01.02";14,88;9,02;0,34;35;5;0;3
"100";"Laptop";221;176,86;0;0;0;0;0;0;0;0,5;0;3,64;"0.96";13,5;7,07;0,56;58;4;0;3
"101";"Laptop";222;825,62;11;11;0;0;1;51;6;0,9;792;4,87;"0.95";9,93;14,88;0,14;890;1;0;3
"102";"Laptop";223;249,59;2;3;1;0;0;14;6;0,5;37;4,63;"0.94";14,96;9,99;0,08;10;0;0;3
"103";"Laptop";224;280,17;1;3;2;0;3;7;1;0,8;34;4,41;"0.99";15;10,08;0,37;13;5;1;2
"104";"Laptop";225;271,9;0;2;0;0;1;4;66;0,4;0;4,85;"01.02";14,88;9,02;0,2;10;1;1;2
"105";"Laptop";226;354,55;1;4;0;0;0;58;1;0,9;0;4,21;"0.94";9,99;14,96;0,04;13;1;0;2
"106";"Laptop";227;1073,55;2;2;0;0;0;7;1;0,3;0;5,95;"1.13";16,5;12,6;0,29;964;1;0;3
"107";"Laptop";228;244,63;0;0;0;0;0;5;9;0,1;0;3,17;"0.73";13,15;13,15;0,38;45;2;1;3
"108";"Laptop";229;495,04;0;0;0;0;0;0;0;0,6;0;3,73;"0.76";12,87;9,31;0,27;16;2;0;3
"109";"Accessories";230;25;7;1;0;0;0;87;20;0,4;0;0,22;"0.07";59,06;0,08;0,05;92;3;0;1
"110";"Accessories";231;19,99;1;0;0;0;0;79;21;0,9;0;0,66;"0.59";1,57;0,59;0,05;542;4;0;2
"111";"Accessories";232;16,99;0;0;0;0;0;0;0;0,3;0;0,22;"0.11";2,36;9,84;0,05;74;5;0;2
"112";"Accessories";233;13,99;1;0;0;0;0;7;4;0,7;0;0,22;"0.11";3,36;9,84;0,05;30;5;1;4
"113";"Accessories";234;72,99;3;1;0;2;0;29;55;0,8;0;1,1;"5.51";5,51;5,51;0,05;82;1;0;2
"114";"Accessories";235;12,99;1;0;0;0;0;7;4;0,1;0;0,2;"0.11";2,36;9,8;0,05;10;4;0;3
"115";"Accessories";236;39;1;0;0;0;0;8;1;0,9;0;0,44;"1.0";3,94;3,94;0,05;80;4;1;2
"116";"Accessories";237;18,95;0;0;0;0;0;0;0;0,5;0;0,44;"0.12";2,4;10;0,05;33;0;0;3
"117";"Accessories";238;14,99;6;2;1;0;0;44;9;0,9;0;1,1;"0.79";0,98;2,76;0,05;99;1;1;3
"118";"Accessories";239;16,99;19;8;0;0;1;9;2;0,9;357;0,22;"0.04";1;0,59;0,05;76;4;1;3
"119";"Software";240;59,99;9;5;0;0;2;9;5;0,7;2817;5,51;"1.0";5,91;7,87;0,3;34;1;0;1
"120";"Software";241;145;0;0;0;0;0;0;0;0,7;333;5,51;"1.0";5,91;7,87;0,28;1036;3;0;2
"121";"Software";242;80;8;2;0;0;1;5;1;0,6;273;5,51;"1.0";5,91;7,87;0,2;100;4;0;4
"122";"Software";243;39;3;2;0;0;0;6;0;0,4;0;6;"1.2";6;8;0,18;650;0;1;4
"123";"Software";244;19,99;2;0;0;0;0;3;2;0,4;0;6;"1.2";6;8;0,22;698;4;1;3
"124";"Software";245;25;4;2;0;0;0;5;1;0,5;0;6,12;"1.10";5,85;8,12;0,2;704;2;1;4
"125";"Software";246;24,95;0;1;0;0;0;4;8;0,3;0;6,1;"1.11";5,7;8;0,22;636;2;1;2
"126";"Software";247;279;0;0;0;0;0;0;0;0;0;6;"1.2";6;8,13;0,23;30;5;1;3
"127";"Software";248;18,99;0;6;1;0;1;9;6;0,8;0;5,98;"01.05";6;7,9;0,39;936;1;1;4
"128";"Software";249;89,99;3;2;0;0;1;5;0;0,6;76;5,7;"1.13";5,8;8;0,26;48;1;1;2
"129";"Printer";250;109;1;0;1;0;0;1;0;0,5;0;14,44;"14.53";17,52;7,48;0,13;9;1;0;2
"130";"Printer";251;99;0;0;0;0;0;0;0;0;0;12,13;"13.66";14,76;7,36;0,27;0;3;0;2
"131";"Printer";252;145;0;0;0;0;0;0;0;0;0;16,98;"13.43";15,75;6,98;0,07;0;0;0;2
"132";"Printer";253;189;1;1;0;0;0;5;0;0,5;4;28,44;"15.51";18,23;13,82;0,12;25;1;0;4
"133";"Printer";254;79;0;2;0;0;0;5;0;0,5;0;14,33;"12.40";16,73;5,79;0,32;15;0;0;3
"134";"Printer";255;159;1;0;0;0;0;2;0;0,6;21;25,13;"15.31";18,23;15,51;0,18;10;0;0;3
"135";"Printer";256;145;0;1;0;0;0;8;4;0,6;32;15,43;"13.43";15,75;6,77;0,18;13;3;0;1
"136";"Printer";257;199;0;0;0;0;0;0;0;0;0;25,44;"20.87";19,51;13,35;0,18;0;1;1;3
"137";"Printer";258;309;1;0;0;0;0;6;0;0,7;60;45,42;"15.67";14,72;14,72;0,19;25;4;1;3
"138";"Printer";259;249;16;15;0;1;0;49;9;0,9;690;33,07;"17.72";19,69;13,35;0,16;226;4;0;2
"139";"Printer";260;269;1;0;0;0;0;3;0;0,9;4;30,86;"15.28";16,73;12,99;0,16;44;1;1;2
"140";"Printer";261;290;0;0;0;0;0;0;0;0;0;35,94;"17.13";17,13;13,5;0,15;0;3;0;4
"141";"Printer";262;199;0;1;0;0;0;4;0;0,7;7;40,79;"17.51";23,03;15,19;0,35;8;5;0;3
"142";"Printer";263;289;0;0;0;0;0;0;0;0;0;33,09;"19.51";13,35;17,7;0,14;4;5;0;2
"143";"Printer";264;139;0;0;0;0;0;0;0;0;0;17,64;"13.78";17,24;7,48;0,17;5;2;0;4
"144";"Printer";265;459;1;2;0;0;0;8;1;0,7;0;48,83;"20.87";18,39;16,02;0,15;13;4;0;3
"145";"Printer";266;569;1;0;0;0;0;8;0;0,7;0;48,83;"20.87";18,39;16,02;0,16;3;2;0;4
"146";"Printer";267;289;0;0;0;0;1;1;7;0,1;0;11,02;"11.97";17,52;6,65;0,35;3;5;0;4
"147";"Printer";268;139;0;0;0;0;0;0;0;0;0;26,68;"15.31";18,23;12,6;0,19;0;4;0;2
"148";"Printer";269;41,99;9;14;0;1;0;42;7;0,8;46;7,54;"13.94";18,7;7,52;0,34;285;3;0;4
"149";"Display";270;219;4;1;0;0;0;6;0;0,7;5;13,67;"3.72";28,5;20,67;0,17;12;4;0;3
"150";"Display";271;149;9;10;1;1;0;17;8;0,7;97;7,28;"3.36";21,57;16,69;0,15;42;3;1;4
"151";"Display";272;189;15;8;2;0;0;37;1;0,9;73;9,04;"3.24";24,52;18,35;0,1;59;0;0;4
"152";"Display";273;70,99;5;3;0;0;0;23;5;0,8;0;8,5;"3.12";20,78;17;0,14;9;1;1;3
"153";"Display";274;319;13;12;1;0;1;8;3;0,6;41;11,64;"2.89";25,98;18,44;0,1;154;5;0;4
"154";"Display";275;184;1;4;0;0;0;9;1;0,7;12;10,8;"3.74";25,31;18,23;0,12;46;1;1;4
"155";"Display";276;133;2;2;1;0;0;8;1;0,8;655;9,7;"6.88";21,95;16,77;0,12;10;3;0;3
"156";"Display";277;95,99;3;9;0;0;3;28;8;0,6;2;11,68;"02.05";20,2;14,69;0,2;97;2;0;3
"157";"Display";278;340;2;0;0;0;0;74;9;0,8;61;12,79;"9.41";24,37;17,76;0,22;606;4;0;3
"158";"Display";279;103;8;3;1;1;0;71;10;0,6;7;11,02;"2.36";22,13;15,34;0,12;96;3;0;4
"159";"Display";280;231;11;13;1;0;0;26;1;0,8;646;6,77;"1.41";21,25;16,09;0,2;33;3;1;4
"160";"Display";281;79,99;8;4;1;0;2;47;3;0,7;8;4,54;"7.28";17,6;13,62;0,09;40;2;0;1
"161";"Printer Supplies";282;39,99;5;6;0;0;1;17;2;0,5;5;22,04;"0";0;0;0,18;36;2;0;1
"162";"Printer Supplies";283;69,99;0;0;0;0;0;0;0;0;0;22,04;"0";0;0;0,18;15;5;0;2
"163";"Printer Supplies";284;30,99;5;8;1;0;0;84;7;0,6;115;1,1;"0";0;0;0,3;922;3;0;2
"164";"Printer Supplies";285;39,99;1;3;0;0;0;17;3;0,7;14;0,55;"0";0;0;0,34;564;3;0;4
"165";"Printer Supplies";286;69,99;1;0;0;0;0;34;0;0,3;0,5;22,04;"0";0;0;0,23;62;5;0;1
"166";"Printer Supplies";287;40,99;0;1;0;0;0;54;0;0,9;17;2,76;"0";0;0;0,27;588;2;1;3
"167";"Printer Supplies";288;36,99;0;0;0;0;0;0;0;0,7;67;0,55;"0";0;0;0,27;323;5;0;3
"168";"Printer Supplies";289;16,99;1;0;0;0;0;59;8;0,9;3;0,55;"0";0;0;0,22;198;3;0;2
"169";"Printer Supplies";290;154;0;0;0;2;0;2;4;0,1;0;0,6;"0";0;0;0,32;22;1;0;3
"170";"Printer Supplies";291;28,99;2;0;0;0;0;86;7;0,6;22;0,58;"0";0;0;0,26;116;4;0;2
"171";"Printer Supplies";292;31,99;5;0;0;0;1;20;8;0,6;7;0,55;"0";0;0;0,3;983;2;0;3
"172";"Printer Supplies";293;18,99;0;0;0;0;0;4;2;0,6;1;0,55;"0";0;0;0,16;275;3;0;3
"173";"Printer Supplies";294;15,99;1;0;0;0;0;9;2;0,7;65;0,6;"0";0;0;0,17;98;5;1;4
"174";"Printer Supplies";295;40,99;0;0;0;0;0;5;0;0,6;0;0,55;"0";0;0;0,22;251;2;0;4
"175";"Printer Supplies";296;17,99;4;3;1;0;0;99;8;0,5;3;0,55;"0";0;0;0,2;37;1;0;1
"176";"Printer Supplies";297;69,99;2;2;0;0;0;31;8;0,7;6;3,31;"0";0;0;0,33;46;0;1;2
"177";"Printer Supplies";298;7,99;0;0;0;0;0;0;0;0,5;0;1;"0";0;0;0,23;9;2;0;4
"178";"Printer Supplies";299;8,99;0;1;0;0;0;2;0;0,8;4;1;"0";0;0;0,23;8;2;0;3
"179";"Printer Supplies";300;55,99;0;0;0;0;0;69;1;0,8;11;5,51;"0";0;0;0,33;954;3;0;4
"180";"Printer Supplies";301;105;0;0;0;0;0;31;4;0,4;7;7,71;"0";0;0;0,34;321;3;0;3
"181";"Printer Supplies";302;58,99;0;0;0;0;0;7;0;0,4;69;0,55;"0";0;0;0,18;870;2;0;2
"182";"Printer Supplies";303;9,99;5;1;0;1;1;12;0;0,8;9;0,44;"0";0;0;0,19;47;2;0;3
"183";"Printer Supplies";304;97,99;0;0;0;0;0;9;0;0,5;20;0,66;"0";0;0;0,15;98;1;1;3
"184";"Extended Warranty";305;99,17;6;2;0;0;0;6;0;0,9;15;0;"0";0;0;0,4;97;3;1;3
"185";"Extended Warranty";306;44,5;4;3;0;0;0;7;0;0,8;84;0;"0";0;0;0,4;65;3;1;2
"186";"Extended Warranty";307;67,37;9;2;0;0;0;9;0;0,8;74;0;"0";0;0;0,4;24;1;1;4
"187";"Extended Warranty";308;39,55;5;3;0;0;0;9;0;0,7;45;0;"0";0;0;0,4;37;4;0;2
"188";"Extended Warranty";309;26,79;6;1;0;0;3;16;3;0,5;75;0;"0";0;0;0,4;90;5;1;3
"189";"Extended Warranty";310;50,44;9;8;1;0;0;6;1;0,5;50;0;"0";0;0;0,4;68;1;0;3
"190";"Extended Warranty";311;34,06;4;4;0;0;0;9;2;0,9;16;0;"0";0;0;0,4;77;4;1;3
"191";"Extended Warranty";312;160,93;4;2;0;0;0;6;1;0,7;36;0;"0";0;0;0,4;46;3;0;2
"192";"Extended Warranty";313;165,77;9;4;0;0;0;15;0;0,8;66;0;"0";0;0;0,4;61;1;0;3
"193";"Extended Warranty";314;252,89;1;9;0;0;0;7;0;0,8;64;0;"0";0;0;0,4;22;1;1;2
"194";"Extended Warranty";315;275,88;9;9;0;0;0;8;0;0,8;5;0;"0";0;0;0,4;98;1;1;2
"195";"Extended Warranty";316;318,23;4;4;0;0;0;8;0;0,8;6;0;"0";0;0;0,4;49;5;1;3
"196";"Extended Warranty";317;107,69;8;9;0;0;0;24;1;0,7;16;0;"0";0;0;0,4;84;4;1;2
"197";"Extended Warranty";318;127,05;8;0;0;0;0;24;0;0,8;40;0;"0";0;0;0,4;69;3;0;4
"198";"Extended Warranty";319;145,2;9;7;0;0;0;9;1;0,8;77;0;"0";0;0;0,4;31;0;1;3
"199";"Extended Warranty";320;196,02;7;2;0;0;0;5;0;0,9;76;0;"0";0;0;0,4;106;1;0;4
"200";"Extended Warranty";321;199,65;7;3;0;0;0;5;0;0,7;74;0;"0";0;0;0,4;20;0;0;2
"201";"Extended Warranty";322;211,75;4;5;0;0;0;19;1;0,9;12;0;"0";0;0;0,4;33;1;1;2
"202";"Extended Warranty";323;212,96;8;0;0;0;0;7;0;0,8;82;0;"0";0;0;0,4;59;4;1;3
"203";"Extended Warranty";324;266,2;5;0;0;0;0;2;0;0,9;84;0;"0";0;0;0,4;85;4;1;3
"204";"Netbook";325;202,46;31;19;5;14;31;36;5;0,7;52;2,34;"0.71";10,91;7,4;0,21;61;0;1;2
"205";"Netbook";326;220,26;37;19;12;9;23;75;4;0,5;21;2,58;"0.71";11,81;8,11;0,15;68;1;1;2
"206";"Netbook";327;224,45;82;12;0;0;6;52;1;0,7;21;2,65;"0.79";11,57;10,04;0,26;87;5;1;3
"207";"Netbook";328;726;0;1;0;0;0;6;0;0,3;20;2,85;"0.94";14,92;10,24;0,16;14;2;1;2
"208";"Netbook";329;109,99;0;2;0;0;0;5;1;0,5;31;3,75;"0.79";10,39;7,2;0,15;23;2;1;4
"209";"Netbook";330;96,99;25;25;50;0;0;33;3;0,6;6;2,91;"0.25";12,36;10,39;0,19;68;2;1;2
"210";"Netbook";331;249,95;37;19;12;9;23;41;40;0,5;1;3,17;"0.71";13,27;8,9;0,19;12;5;1;3
"211";"Netbook";332;79,99;0;17;17;0;66;6;26;0,4;0;1,8;"0.21";9,69;8,27;0,14;9;2;0;3
"212";"Netbook";333;211,12;40;20;20;0;20;18;10;0,5;0;2,76;"0.94";15,12;10,04;0,17;53;4;1;2
"213";"Netbook";334;109,19;20;20;0;60;0;28;2;0,6;58;2,87;"1.97";12,6;10,63;0,15;38;1;1;3
"214";"Netbook";335;179,95;36;29;7;7;21;38;30;0,4;2;3,97;"0.28";12,99;9,06;0,13;51;1;0;2
"215";"Netbook";336;99;0;0;0;0;0;0;0;0;0;2;"0.28";13,78;7,87;0,15;42;1;1;3
"216";"Tablet";337;1319;39;16;13;3;29;66;62;0,5;5;1,69;"0.31";11,5;7,91;0,12;31;0;1;3
"217";"Tablet";338;646,96;0;0;0;0;0;0;0;0;0;1,98;"0.39";11,61;7,91;0,13;5;1;0;2
"218";"Tablet";339;699;0;0;0;0;0;0;0;0;0;1,53;"0.24";11,42;7,83;0,13;6;3;1;1
"219";"Tablet";340;949;0;0;0;0;0;0;0;0;0;1,69;"0.31";11,5;7,91;0,13;2;4;0;3
"220";"Tablet";341;1087,36;0;0;0;0;0;0;0;0;0;1,53;"0.24";11,42;7,83;0,25;6;5;0;2
"221";"Tablet";342;179,8;66;20;8;2;4;51;7;0,8;310;1,16;"0.20";10,24;6,3;0,11;67;3;1;4
"222";"Tablet";343;84,99;48;26;8;7;11;60;8;0,5;77;0,79;"0.38";8,43;5,04;0,1;75;1;1;3
"223";"Tablet";344;146,76;59;28;7;4;2;37;2;0,6;89;1;"0.31";9,06;6,3;0,12;86;5;1;4
"224";"Tablet";345;99,99;62;22;2;6;8;45;6;0,6;164;0,9;"0.35";9,45;6,69;0,18;42;5;1;3
"225";"Tablet";346;339;56;11;11;0;22;88;7;0,4;83;1,72;"0.35";10,55;7,2;0,13;12;5;1;4
"226";"Tablet";347;656,49;64;33;1;1;1;77;1;0,8;747;1,76;"0.35";10,28;7,05;0,09;61;1;1;3
"227";"Tablet";348;957,77;0;0;0;0;0;0;0;0;0;1,7;"0.31";11,5;7,91;0,15;6;3;0;3
"228";"Tablet";349;69,99;49;20;11;7;13;47;13;0,8;99;0,65;"0.38";7,56;4,53;0,19;30;2;1;2
"229";"Tablet";350;169,99;63;10;14;13;10;63;7;0,6;951;1,23;"0.31";10,31;6,57;0,1;125;1;0;4
"230";"Tablet";351;258,2;61;25;6;4;4;56;7;0,5;70;1;"0.28";9,45;6,81;0,19;64;2;1;2
"231";"Tablet";352;249;61;25;6;4;4;14;2;0,3;66;1;"0.28";9,45;6,81;0,19;22;5;1;3
"232";"Smartphone";353;179;1;0;0;0;0;4;1;0,4;6;0,36;"0";2,98;6,12;0,16;38;1;0;3
"233";"Smartphone";354;289;0;0;0;0;0;0;0;0;0;0;"0.30";2,95;6,2;0,16;30;2;0;4
"234";"Smartphone";355;1099;17;0;0;0;1;96;1;0,8;121;0,38;"0.30";2,79;5,65;0,15;944;0;1;3
"235";"Smartphone";356;199;29;13;2;2;0;46;0;0,9;34;0,4;"0.31";2,91;6;0,15;13;0;0;4
"236";"Smartphone";357;291;0;0;0;0;0;0;0;0;0;0,32;"0.58";2,8;2,93;0,14;25;3;1;3
"237";"Smartphone";358;232;1;1;0;0;0;8;0;0,7;4;0;"0";3,15;6,3;0,15;13;5;0;3
"238";"Smartphone";359;1263;207;136;14;4;7;65;0;0,9;68;0,28;"0.27";2,64;5,43;0,15;25;2;1;4
"239";"Game Console";360;109;2;2;0;0;0;4;0;0,4;0;3,31;"0.5";8,18;6,26;0,19;10;5;0;3
"240";"Game Console";361;399;0;0;0;0;0;0;0;0,9;989;4,63;"11.34";10,43;11,34;0,18;627;5;0;3
"241";"Game Console";362;319;40;26;0;0;1;26;1;0,5;10;0,65;"0.55";9,41;4,02;0,2;18;4;0;1
"242";"Game Console";363;56,99;27;6;3;0;1;33;1;0,7;97;0;"0";0;0;0,16;0;4;0;4
"243";"Game Console";364;74,99;124;55;7;3;0;41;0;0,6;56;1,72;"2.83";7,87;9,45;0,05;140;5;0;3
"244";"Game Console";365;323;0;1;0;0;0;9;0;0,5;49;6,39;"2.52";11,61;9,06;0,09;498;4;0;4
"245";"Game Console";366;64,99;1;4;0;0;0;9;0;0,6;23;0;"0";0;0;0,24;6;5;0;1
