"rules","support","confidence","lift","count"
"{iMac} => {HP Laptop}",0.0755465175394001,0.294958316792378,1.51959929054638,743
"{HP Laptop} => {iMac}",0.0755465175394001,0.389209009952855,1.51959929054638,743
"{iMac} => {CYBERPOWER Gamer Desktop}",0.0567361464158617,0.221516474791584,1.20431980628813,558
"{CYBERPOWER Gamer Desktop} => {iMac}",0.0567361464158617,0.308457711442786,1.20431980628813,558
"{iMac} => {Apple Earpods}",0.040264361972547,0.157205240174672,0.901523928348632,396
"{Apple Earpods} => {iMac}",0.040264361972547,0.230903790087464,0.901523928348632,396
"{iMac} => {Apple MacBook Air}",0.0284697508896797,0.111155220325526,0.714517380327809,280
"{Apple MacBook Air} => {iMac}",0.0284697508896797,0.183006535947712,0.714517380327809,280
"{iMac} => {Lenovo Desktop Computer}",0.0587697000508388,0.229456133386264,1.54993205484472,578
"{Lenovo Desktop Computer} => {iMac}",0.0587697000508388,0.396978021978022,1.54993205484472,578
"{iMac} => {Dell Desktop}",0.0546009150991357,0.21317983326717,1.59076150241473,537
"{Dell Desktop} => {iMac}",0.0546009150991357,0.407435508345979,1.59076150241473,537
"{iMac} => {Apple MacBook Pro}",0.0344687341128622,0.134577213179833,1.21763283498037,339
"{Apple MacBook Pro} => {iMac}",0.0344687341128622,0.311867525298988,1.21763283498037,339
"{iMac} => {ViewSonic Monitor}",0.0494153533299441,0.192933703850734,1.74885067038892,486
"{ViewSonic Monitor} => {iMac}",0.0494153533299441,0.447926267281106,1.74885067038892,486
"{iMac} => {Acer Desktop}",0.0364006100660905,0.14211988884478,1.39495918841158,358
"{Acer Desktop} => {iMac}",0.0364006100660905,0.357285429141717,1.39495918841159,358
"{Microsoft Wireless Desktop Keyboard and Mouse} => {iMac}",0.0246059989832232,0.249742002063983,0.975074470146597,242
"{iMac} => {Samsung Monitor}",0.0309100152516523,0.120682810639143,1.26133415795533,304
"{Samsung Monitor} => {iMac}",0.0309100152516523,0.323060573857598,1.26133415795533,304
"{iMac} => {3-Button Mouse}",0.0333502796136248,0.130210400952759,1.46356490670901,328
"{3-Button Mouse} => {iMac}",0.0333502796136248,0.374857142857143,1.46356490670901,328
"{iMac} => {Acer Aspire}",0.0307066598881546,0.119888844779674,1.44853413809349,302
"{Acer Aspire} => {iMac}",0.0307066598881546,0.371007371007371,1.44853413809349,302
"{iMac} => {Backlit LED Gaming Keyboard}",0.02755465175394,0.10758237395792,1.34786324570209,271
"{Backlit LED Gaming Keyboard} => {iMac}",0.02755465175394,0.345222929936306,1.34786324570209,271
"{Dell Laptop} => {iMac}",0.0249110320284698,0.315721649484536,1.23268059653847,245
"{iMac} => {HP Monitor}",0.026842907981698,0.104803493449782,1.44970795791646,264
"{HP Monitor} => {iMac}",0.026842907981698,0.371308016877637,1.44970795791646,264
"{iMac} => {Apple Magic Keyboard}",0.0323335027961362,0.126240571655419,1.76110074075325,318
"{Apple Magic Keyboard} => {iMac}",0.0323335027961362,0.451063829787234,1.76110074075325,318
"{iMac} => {Microsoft Office Home and Student 2016}",0.0310116929334011,0.121079793568877,1.82082533600902,305
"{Microsoft Office Home and Student 2016} => {iMac}",0.0310116929334011,0.466360856269113,1.82082533600902,305
"{Logitech 3-button Mouse} => {iMac}",0.0252160650737163,0.38871473354232,1.51766947375495,248
"{Apple Wireless Keyboard} => {iMac}",0.0209456024402644,0.322884012539185,1.26064480481258,206
"{Acer Monitor} => {iMac}",0.0205388917132689,0.348275862068965,1.35978289140464,202
"{Belkin Mouse Pad} => {iMac}",0.0241992882562278,0.413194444444444,1.61324627277138,238
"{LG Monitor} => {iMac}",0.0222674123029995,0.386243386243386,1.50802052548777,219
"{iMac} => {ASUS 2 Monitor}",0.0280630401626843,0.10956728860659,1.90051901842295,276
"{ASUS 2 Monitor} => {iMac}",0.0280630401626843,0.486772486772487,1.90051901842295,276
"{iMac} => {ASUS Monitor}",0.0276563294356889,0.107979356887654,1.94858160548638,272
"{ASUS Monitor} => {iMac}",0.0276563294356889,0.499082568807339,1.94858160548638,272
"{ASUS Chromebook} => {iMac}",0.0213523131672598,0.406976744186047,1.5889703370662,210
"{iPad Pro} => {iMac}",0.0198271479410269,0.378640776699029,1.47833745090709,195
"{Epson Printer} => {iMac}",0.0204372140315201,0.424947145877378,1.65913266363796,201
"{HP Wireless Mouse} => {iMac}",0.0177935943060498,0.408878504672897,1.59639543209922,175
"{AOC Monitor} => {iMac}",0.0171835282155567,0.408212560386473,1.59379536776537,169
"{Computer Game} => {iMac}",0.0165734621250635,0.394673123486683,1.54093297717012,163
"{Intel Desktop} => {iMac}",0.0164717844433147,0.415384615384615,1.62179741655724,162
"{Wireless Portable Mouse} => {iMac}",0.0128113879003559,0.333333333333333,1.30144237131137,126
"{Slim Wireless Mouse} => {iMac}",0.0111845449923742,0.295698924731183,1.15450532938912,110
"{ASUS Desktop} => {iMac}",0.0136248093543467,0.364130434782609,1.42168432953035,134
"{HP Wireless Printer} => {iMac}",0.0137264870360956,0.36986301369863,1.44406619282494,135
"{Eluktronics Pro Gaming Laptop} => {iMac}",0.0157600406710727,0.441595441595442,1.72413305601079,155
"{iPad} => {iMac}",0.010574478901881,0.30952380952381,1.20848220193198,104
"{Dell 2 Desktop} => {iMac}",0.0118962887646162,0.357798165137615,1.39696107746266,117
"{Brother Printer} => {iMac}",0.0128113879003559,0.388888888888889,1.51834943319659,126
"{Etekcity Power Extension Cord Cable} => {iMac}",0.0118962887646162,0.387417218543046,1.51260355076255,117
"{Alienware Laptop} => {iMac}",0.0115912557193696,0.414545454545455,1.61852105813995,114
"{Logitech Keyboard} => {iMac}",0.0106761565836299,0.386029411764706,1.50718509912897,105
"{HDMI Cable 6ft} => {iMac}",0.0114895780376207,0.44140625,1.72339439013497,113
"{Panasonic In-Ear Headphone} => {iMac}",0.0107778342653787,0.43265306122449,1.68921907786537,106
"{Logitech MK550 Wireless Wave Keyboard and Mouse Combo} => {iMac}",0.0100660904931368,0.410788381742739,1.60385221692729,99
"{HP Laptop} => {CYBERPOWER Gamer Desktop}",0.0426029486527707,0.219486642221058,1.19328420466783,419
"{CYBERPOWER Gamer Desktop} => {HP Laptop}",0.0426029486527707,0.231619679380873,1.19328420466783,419
"{HP Laptop} => {Apple Earpods}",0.0327402135231317,0.168674698795181,0.967297762478485,322
"{Apple Earpods} => {HP Laptop}",0.0327402135231317,0.187755102040816,0.967297762478485,322
"{HP Laptop} => {Apple MacBook Air}",0.0240976105744789,0.124148768988999,0.798041269939091,237
"{Apple MacBook Air} => {HP Laptop}",0.0240976105744789,0.154901960784314,0.798041269939091,237
"{HP Laptop} => {Lenovo Desktop Computer}",0.0461616675139807,0.237820848611839,1.60643409759439,454
"{Lenovo Desktop Computer} => {HP Laptop}",0.0461616675139807,0.311813186813187,1.60643409759439,454
"{HP Laptop} => {Dell Desktop}",0.0449415353329944,0.231534834992142,1.72772769510449,442
"{Dell Desktop} => {HP Laptop}",0.0449415353329944,0.33535660091047,1.72772769510449,442
"{HP Laptop} => {Apple MacBook Pro}",0.0249110320284698,0.128339444735464,1.16119451607478,245
"{Apple MacBook Pro} => {HP Laptop}",0.0249110320284698,0.225390984360626,1.16119451607478,245
"{HP Laptop} => {ViewSonic Monitor}",0.0479918657854601,0.247249869041383,2.24120042582673,472
"{ViewSonic Monitor} => {HP Laptop}",0.0479918657854601,0.435023041474654,2.24120042582673,472
"{HP Laptop} => {Acer Desktop}",0.0312150482968988,0.160817181770561,1.57848002266813,307
"{Acer Desktop} => {HP Laptop}",0.0312150482968988,0.306387225548902,1.57848002266813,307
"{HP Laptop} => {Microsoft Wireless Desktop Keyboard and Mouse}",0.0231825114387392,0.119434258774227,1.21221458724925,228
"{Microsoft Wireless Desktop Keyboard and Mouse} => {HP Laptop}",0.0231825114387392,0.235294117647059,1.21221458724925,228
"{HP Laptop} => {Samsung Monitor}",0.02755465175394,0.141959140911472,1.48370685532872,271
"{Samsung Monitor} => {HP Laptop}",0.02755465175394,0.287991498405951,1.48370685532872,271
"{HP Laptop} => {3-Button Mouse}",0.0226741230299949,0.116815086432687,1.3130015715034,223
"{3-Button Mouse} => {HP Laptop}",0.0226741230299949,0.254857142857143,1.3130015715034,223
"{HP Laptop} => {Acer Aspire}",0.0290798169801729,0.149816657936092,1.81013124177084,286
"{Acer Aspire} => {HP Laptop}",0.0290798169801729,0.351351351351351,1.81013124177084,286
"{Backlit LED Gaming Keyboard} => {HP Laptop}",0.0193187595322827,0.24203821656051,1.24695959134238,190
"{Dell Laptop} => {HP Laptop}",0.0189120488052872,0.239690721649485,1.23486550415017,186
"{HP Laptop} => {HP Monitor}",0.0210472801220132,0.108433734939759,1.49992374561537,207
"{HP Monitor} => {HP Laptop}",0.0210472801220132,0.291139240506329,1.49992374561537,207
"{HP Laptop} => {Apple Magic Keyboard}",0.0288764616166751,0.148768988999476,2.07538015150333,284
"{Apple Magic Keyboard} => {HP Laptop}",0.0288764616166751,0.402836879432624,2.07538015150333,284
"{HP Laptop} => {Microsoft Office Home and Student 2016}",0.0233858668022369,0.120481927710843,1.81183449393906,230
"{Microsoft Office Home and Student 2016} => {HP Laptop}",0.0233858668022369,0.351681957186544,1.81183449393906,230
"{Logitech 3-button Mouse} => {HP Laptop}",0.0187086934417895,0.288401253918495,1.48581787966915,184
"{Apple Wireless Keyboard} => {HP Laptop}",0.0152516522623284,0.235109717868339,1.21126457581724,150
"{Acer Monitor} => {HP Laptop}",0.0164717844433147,0.279310344827586,1.43898231607088,162
"{HP Laptop} => {Belkin Mouse Pad}",0.0197254702592781,0.101623886851755,1.73519258192189,194
"{Belkin Mouse Pad} => {HP Laptop}",0.0197254702592781,0.336805555555556,1.73519258192189,194
"{HP Laptop} => {LG Monitor}",0.0216573462125064,0.111576741749607,1.93537434763207,213
"{LG Monitor} => {HP Laptop}",0.0216573462125064,0.375661375661376,1.93537434763207,213
"{ASUS 2 Monitor} => {HP Laptop}",0.0190137264870361,0.329805996472663,1.69913146951736,187
"{HP Laptop} => {ASUS Monitor}",0.0202338586680224,0.104243059193295,1.88115685718542,199
"{ASUS Monitor} => {HP Laptop}",0.0202338586680224,0.365137614678899,1.88115685718542,199
"{HP Laptop} => {ASUS Chromebook}",0.0198271479410269,0.102147721320063,1.94694348678841,195
"{ASUS Chromebook} => {HP Laptop}",0.0198271479410269,0.377906976744186,1.94694348678841,195
"{iPad Pro} => {HP Laptop}",0.0145399084900864,0.277669902912621,1.43053090369074,143
"{Epson Printer} => {HP Laptop}",0.0178952719877987,0.372093023255814,1.91699051006859,176
"{HP Wireless Mouse} => {HP Laptop}",0.0178952719877987,0.411214953271028,2.11854325061318,176
"{AOC Monitor} => {HP Laptop}",0.0137264870360956,0.326086956521739,1.6799713029813,135
"{Computer Game} => {HP Laptop}",0.0179969496695475,0.428571428571429,2.20796228391828,177
"{Intel Desktop} => {HP Laptop}",0.0138281647178444,0.348717948717949,1.79656418315402,136
"{Wireless Portable Mouse} => {HP Laptop}",0.0100660904931368,0.261904761904762,1.34931028461673,99
"{Slim Wireless Mouse} => {HP Laptop}",0.0107778342653787,0.28494623655914,1.46801793428975,106
"{ASUS Desktop} => {HP Laptop}",0.0106761565836299,0.285326086956522,1.46997489010864,105
"{HP Wireless Printer} => {HP Laptop}",0.0115912557193696,0.312328767123288,1.6090903219788,114
"{Eluktronics Pro Gaming Laptop} => {HP Laptop}",0.0144382308083376,0.404558404558405,2.08424929744993,142
"{Dell 2 Desktop} => {HP Laptop}",0.0103711235383833,0.311926605504587,1.60701842071117,102
"{Etekcity Power Extension Cord Cable} => {HP Laptop}",0.0103711235383833,0.337748344370861,1.74004974692898,102
"{Alienware Laptop} => {HP Laptop}",0.0103711235383833,0.370909090909091,1.91089099480928,102
"{Otium Wireless Sports Bluetooth Headphone} => {HP Laptop}",0.0100660904931368,0.389763779527559,2.00802869128001,99
"{CYBERPOWER Gamer Desktop} => {Apple Earpods}",0.0383324860193188,0.208402432283029,1.19512415248023,377
"{Apple Earpods} => {CYBERPOWER Gamer Desktop}",0.0383324860193188,0.219825072886297,1.19512415248023,377
"{CYBERPOWER Gamer Desktop} => {Apple MacBook Air}",0.0240976105744789,0.131011608623549,0.842156320792551,237
"{Apple MacBook Air} => {CYBERPOWER Gamer Desktop}",0.0240976105744789,0.154901960784314,0.842156320792551,237
"{CYBERPOWER Gamer Desktop} => {Lenovo Desktop Computer}",0.0359938993390951,0.195688225538972,1.32183633116469,354
"{Lenovo Desktop Computer} => {CYBERPOWER Gamer Desktop}",0.0359938993390951,0.243131868131868,1.32183633116469,354
"{CYBERPOWER Gamer Desktop} => {Dell Desktop}",0.030401626842908,0.165284687672747,1.23336487349125,299
"{Dell Desktop} => {CYBERPOWER Gamer Desktop}",0.030401626842908,0.226858877086495,1.23336487349125,299
"{CYBERPOWER Gamer Desktop} => {Apple MacBook Pro}",0.0241992882562278,0.131564400221117,1.19037339114506,238
"{Apple MacBook Pro} => {CYBERPOWER Gamer Desktop}",0.0241992882562278,0.218951241950322,1.19037339114506,238
"{CYBERPOWER Gamer Desktop} => {ViewSonic Monitor}",0.0243009659379766,0.132117191818684,1.19757841616291,239
"{ViewSonic Monitor} => {CYBERPOWER Gamer Desktop}",0.0243009659379766,0.220276497695853,1.19757841616291,239
"{Acer Desktop} => {CYBERPOWER Gamer Desktop}",0.0179969496695475,0.176646706586826,0.960376096894106,177
"{CYBERPOWER Gamer Desktop} => {Microsoft Wireless Desktop Keyboard and Mouse}",0.0195221148957804,0.106135986733002,1.07724192932825,192
"{Microsoft Wireless Desktop Keyboard and Mouse} => {CYBERPOWER Gamer Desktop}",0.0195221148957804,0.198142414860681,1.07724192932825,192
"{CYBERPOWER Gamer Desktop} => {Samsung Monitor}",0.0310116929334011,0.168601437258154,1.76216273691173,305
"{Samsung Monitor} => {CYBERPOWER Gamer Desktop}",0.0310116929334011,0.324123273113709,1.76216273691173,305
"{CYBERPOWER Gamer Desktop} => {3-Button Mouse}",0.0209456024402644,0.11387506909895,1.27995577667219,206
"{3-Button Mouse} => {CYBERPOWER Gamer Desktop}",0.0209456024402644,0.235428571428571,1.27995577667219,206
"{Acer Aspire} => {CYBERPOWER Gamer Desktop}",0.0167768174885613,0.202702702702703,1.10203487069159,165
"{CYBERPOWER Gamer Desktop} => {Backlit LED Gaming Keyboard}",0.0197254702592781,0.107241569928137,1.34359342706144,194
"{Backlit LED Gaming Keyboard} => {CYBERPOWER Gamer Desktop}",0.0197254702592781,0.247133757961783,1.34359342706144,194
"{Dell Laptop} => {CYBERPOWER Gamer Desktop}",0.0168784951703101,0.213917525773196,1.1630065594137,166
"{HP Monitor} => {CYBERPOWER Gamer Desktop}",0.0145399084900864,0.20112517580872,1.09345832176825,143
"{Apple Magic Keyboard} => {CYBERPOWER Gamer Desktop}",0.0146415861718353,0.204255319148936,1.11047598885008,144
"{Microsoft Office Home and Student 2016} => {CYBERPOWER Gamer Desktop}",0.0163701067615658,0.246177370030581,1.33839382766764,161
"{Logitech 3-button Mouse} => {CYBERPOWER Gamer Desktop}",0.0126080325368582,0.19435736677116,1.05666373808422,124
"{Apple Wireless Keyboard} => {CYBERPOWER Gamer Desktop}",0.0125063548551093,0.192789968652038,1.04814225632548,123
"{CYBERPOWER Gamer Desktop} => {Acer Monitor}",0.0192170818505338,0.104477611940299,1.77161605764282,189
"{Acer Monitor} => {CYBERPOWER Gamer Desktop}",0.0192170818505338,0.325862068965517,1.77161605764282,189
"{Belkin Mouse Pad} => {CYBERPOWER Gamer Desktop}",0.0147432638535841,0.251736111111111,1.36861506510657,145
"{LG Monitor} => {CYBERPOWER Gamer Desktop}",0.011286222674123,0.195767195767196,1.06432856294658,111
"{ASUS 2 Monitor} => {CYBERPOWER Gamer Desktop}",0.011286222674123,0.195767195767196,1.06432856294658,111
"{ASUS Monitor} => {CYBERPOWER Gamer Desktop}",0.013421453990849,0.242201834862385,1.31678001430158,132
"{ASUS Chromebook} => {CYBERPOWER Gamer Desktop}",0.0136248093543467,0.25968992248062,1.41185759402814,134
"{iPad Pro} => {CYBERPOWER Gamer Desktop}",0.0116929334011185,0.223300970873786,1.21402158570685,115
"{Epson Printer} => {CYBERPOWER Gamer Desktop}",0.0101677681748856,0.211416490486258,1.14940916745846,100
"{Apple Earpods} => {Apple MacBook Air}",0.0299949161159126,0.17201166180758,1.10570895024677,295
"{Apple MacBook Air} => {Apple Earpods}",0.0299949161159126,0.19281045751634,1.10570895024677,295
"{Apple Earpods} => {Lenovo Desktop Computer}",0.0285714285714286,0.163848396501458,1.10676440906033,281
"{Lenovo Desktop Computer} => {Apple Earpods}",0.0285714285714286,0.192994505494506,1.10676440906033,281
"{Apple Earpods} => {Dell Desktop}",0.0271479410269446,0.155685131195335,1.16173237124895,267
"{Dell Desktop} => {Apple Earpods}",0.0271479410269446,0.20257966616085,1.16173237124895,267
"{Apple Earpods} => {Apple MacBook Pro}",0.028978139298424,0.166180758017493,1.50357659163021,285
"{Apple MacBook Pro} => {Apple Earpods}",0.028978139298424,0.262189512419503,1.50357659163021,285
"{Apple Earpods} => {ViewSonic Monitor}",0.0192170818505338,0.110204081632653,0.998946675444371,189
"{ViewSonic Monitor} => {Apple Earpods}",0.0192170818505338,0.174193548387097,0.998946675444371,189
"{Apple Earpods} => {Acer Desktop}",0.0200305033045247,0.114868804664723,1.12747973440873,197
"{Acer Desktop} => {Apple Earpods}",0.0200305033045247,0.196606786427146,1.12747973440873,197
"{Apple Earpods} => {Microsoft Wireless Desktop Keyboard and Mouse}",0.0246059989832232,0.141107871720117,1.43219393020366,242
"{Microsoft Wireless Desktop Keyboard and Mouse} => {Apple Earpods}",0.0246059989832232,0.249742002063983,1.43219393020366,242
"{Apple Earpods} => {Samsung Monitor}",0.0245043213014743,0.140524781341108,1.4687154351645,241
"{Samsung Monitor} => {Apple Earpods}",0.0245043213014743,0.256110520722636,1.4687154351645,241
"{Apple Earpods} => {3-Button Mouse}",0.0210472801220132,0.12069970845481,1.35666472303207,207
"{3-Button Mouse} => {Apple Earpods}",0.0210472801220132,0.236571428571429,1.35666472303207,207
"{Acer Aspire} => {Apple Earpods}",0.0128113879003559,0.154791154791155,0.887679887679888,126
"{Backlit LED Gaming Keyboard} => {Apple Earpods}",0.0146415861718353,0.18343949044586,1.05196932276095,144
"{Apple Earpods} => {Dell Laptop}",0.0187086934417895,0.107288629737609,1.35977277508942,184
"{Dell Laptop} => {Apple Earpods}",0.0187086934417895,0.237113402061856,1.35977277508942,184
"{Apple Earpods} => {HP Monitor}",0.018403660396543,0.105539358600583,1.45988690834984,181
"{HP Monitor} => {Apple Earpods}",0.018403660396543,0.254571026722925,1.45988690834984,181
"{Apple Magic Keyboard} => {Apple Earpods}",0.0115912557193696,0.161702127659574,0.927312201476335,114
"{Microsoft Office Home and Student 2016} => {Apple Earpods}",0.0129130655821047,0.194189602446483,1.11361792423391,127
"{Logitech 3-button Mouse} => {Apple Earpods}",0.0126080325368582,0.19435736677116,1.11458000127951,124
"{Apple Wireless Keyboard} => {Apple Earpods}",0.0123029994916116,0.189655172413793,1.08761435608726,121
"{Acer Monitor} => {Apple Earpods}",0.011286222674123,0.191379310344828,1.09750175932442,111
"{Belkin Mouse Pad} => {Apple Earpods}",0.0101677681748856,0.173611111111111,0.995606575963719,100
"{LG Monitor} => {Apple Earpods}",0.0118962887646162,0.206349206349206,1.18334953028831,117
"{iPad Pro} => {Apple Earpods}",0.011997966446365,0.229126213592233,1.31396869427383,118
"{AOC Monitor} => {Apple Earpods}",0.0102694458566345,0.243961352657005,1.39904367544119,101
"{Apple MacBook Air} => {Lenovo Desktop Computer}",0.0159633960345704,0.102614379084967,0.693140397184515,157
"{Lenovo Desktop Computer} => {Apple MacBook Air}",0.0159633960345704,0.10782967032967,0.693140397184515,157
"{Apple MacBook Air} => {Dell Desktop}",0.015556685307575,0.1,0.746206373292868,153
"{Dell Desktop} => {Apple MacBook Air}",0.015556685307575,0.11608497723824,0.746206373292868,153
"{Apple MacBook Air} => {Apple MacBook Pro}",0.0228774783934926,0.147058823529412,1.33056442448184,225
"{Apple MacBook Pro} => {Apple MacBook Air}",0.0228774783934926,0.206991720331187,1.33056442448184,225
"{ViewSonic Monitor} => {Apple MacBook Air}",0.0139298423995933,0.126267281105991,0.811659287370862,137
"{Acer Desktop} => {Apple MacBook Air}",0.0131164209456024,0.12874251497006,0.827570349497084,129
"{Apple MacBook Air} => {Microsoft Wireless Desktop Keyboard and Mouse}",0.016980172852059,0.109150326797386,1.10783639221082,167
"{Microsoft Wireless Desktop Keyboard and Mouse} => {Apple MacBook Air}",0.016980172852059,0.17234262125903,1.10783639221082,167
"{Samsung Monitor} => {Apple MacBook Air}",0.0140315200813421,0.146652497343252,0.942697589131296,138
"{HP Monitor} => {Apple MacBook Air}",0.0106761565836299,0.147679324894515,0.949298144011472,105
"{Apple Wireless Keyboard} => {Apple MacBook Air}",0.0102694458566345,0.158307210031348,1.01761530108386,101
"{Lenovo Desktop Computer} => {Dell Desktop}",0.0367056431113371,0.24793956043956,1.85014080191432,361
"{Dell Desktop} => {Lenovo Desktop Computer}",0.0367056431113371,0.273899848254932,1.85014080191432,361
"{Lenovo Desktop Computer} => {Apple MacBook Pro}",0.02399593289273,0.162087912087912,1.46654518434647,236
"{Apple MacBook Pro} => {Lenovo Desktop Computer}",0.02399593289273,0.217111315547378,1.46654518434647,236
"{Lenovo Desktop Computer} => {ViewSonic Monitor}",0.0283680732079309,0.191620879120879,1.73695054945055,279
"{ViewSonic Monitor} => {Lenovo Desktop Computer}",0.0283680732079309,0.257142857142857,1.73695054945055,279
"{Lenovo Desktop Computer} => {Acer Desktop}",0.0231825114387392,0.156593406593407,1.5370221096269,228
"{Acer Desktop} => {Lenovo Desktop Computer}",0.0231825114387392,0.227544910179641,1.5370221096269,228
"{Lenovo Desktop Computer} => {Microsoft Wireless Desktop Keyboard and Mouse}",0.0163701067615658,0.110576923076923,1.12231582916567,161
"{Microsoft Wireless Desktop Keyboard and Mouse} => {Lenovo Desktop Computer}",0.0163701067615658,0.166150670794634,1.12231582916567,161
"{Lenovo Desktop Computer} => {Samsung Monitor}",0.0216573462125064,0.146291208791209,1.52898410038421,213
"{Samsung Monitor} => {Lenovo Desktop Computer}",0.0216573462125064,0.226354941551541,1.52898410038421,213
"{Lenovo Desktop Computer} => {3-Button Mouse}",0.0182003050330452,0.12293956043956,1.38184065934066,179
"{3-Button Mouse} => {Lenovo Desktop Computer}",0.0182003050330452,0.204571428571429,1.38184065934066,179
"{Lenovo Desktop Computer} => {Acer Aspire}",0.0224707676664972,0.151785714285714,1.83392199017199,221
"{Acer Aspire} => {Lenovo Desktop Computer}",0.0224707676664972,0.271498771498771,1.83392199017199,221
"{Lenovo Desktop Computer} => {Backlit LED Gaming Keyboard}",0.016268429079817,0.10989010989011,1.37677609015189,160
"{Backlit LED Gaming Keyboard} => {Lenovo Desktop Computer}",0.016268429079817,0.203821656050955,1.37677609015189,160
"{Dell Laptop} => {Lenovo Desktop Computer}",0.0144382308083376,0.182989690721649,1.2360601704996,142
"{Lenovo Desktop Computer} => {HP Monitor}",0.0198271479410269,0.133928571428571,1.85258438818565,195
"{HP Monitor} => {Lenovo Desktop Computer}",0.0198271479410269,0.274261603375527,1.85258438818565,195
"{Lenovo Desktop Computer} => {Apple Magic Keyboard}",0.0220640569395018,0.149038461538462,2.07913938897981,217
"{Apple Magic Keyboard} => {Lenovo Desktop Computer}",0.0220640569395018,0.307801418439716,2.07913938897981,217
"{Lenovo Desktop Computer} => {Microsoft Office Home and Student 2016}",0.0167768174885613,0.113324175824176,1.70419460127029,165
"{Microsoft Office Home and Student 2016} => {Lenovo Desktop Computer}",0.0167768174885613,0.252293577981651,1.70419460127029,165
"{Lenovo Desktop Computer} => {Logitech 3-button Mouse}",0.0154550076258261,0.104395604395604,1.60929587653726,152
"{Logitech 3-button Mouse} => {Lenovo Desktop Computer}",0.0154550076258261,0.238244514106583,1.60929587653726,152
"{Apple Wireless Keyboard} => {Lenovo Desktop Computer}",0.0125063548551093,0.192789968652038,1.30225916325054,123
"{Acer Monitor} => {Lenovo Desktop Computer}",0.011997966446365,0.203448275862069,1.37425397877984,118
"{Lenovo Desktop Computer} => {Belkin Mouse Pad}",0.0150482968988307,0.101648351648352,1.73561030982906,148
"{Belkin Mouse Pad} => {Lenovo Desktop Computer}",0.0150482968988307,0.256944444444444,1.73561030982906,148
"{LG Monitor} => {Lenovo Desktop Computer}",0.0100660904931368,0.174603174603175,1.17941086691087,99
"{Lenovo Desktop Computer} => {ASUS 2 Monitor}",0.018403660396543,0.124313186813187,2.1562966354633,181
"{ASUS 2 Monitor} => {Lenovo Desktop Computer}",0.018403660396543,0.319223985890653,2.1562966354633,181
"{Lenovo Desktop Computer} => {ASUS Monitor}",0.0154550076258261,0.104395604395604,1.88390966831334,152
"{ASUS Monitor} => {Lenovo Desktop Computer}",0.0154550076258261,0.278899082568807,1.88390966831334,152
"{ASUS Chromebook} => {Lenovo Desktop Computer}",0.0120996441281139,0.23062015503876,1.55779479725701,119
"{iPad Pro} => {Lenovo Desktop Computer}",0.0128113879003559,0.244660194174757,1.65263256161314,126
"{Epson Printer} => {Lenovo Desktop Computer}",0.0128113879003559,0.266384778012685,1.79937794763376,126
"{Computer Game} => {Lenovo Desktop Computer}",0.0103711235383833,0.246973365617433,1.66825758986776,102
"{Intel Desktop} => {Lenovo Desktop Computer}",0.0132180986273513,0.333333333333333,2.25160256410256,130
"{HP Wireless Printer} => {Lenovo Desktop Computer}",0.0103711235383833,0.279452054794521,1.88764488935722,102
"{Dell 2 Desktop} => {Lenovo Desktop Computer}",0.0107778342653787,0.324159021406728,2.1896318513291,106
"{Dell Desktop} => {Apple MacBook Pro}",0.0221657346212506,0.165402124430956,1.49653164101054,218
"{Apple MacBook Pro} => {Dell Desktop}",0.0221657346212506,0.200551977920883,1.49653164101054,218
"{Dell Desktop} => {ViewSonic Monitor}",0.0265378749364515,0.198027314112291,1.7950217827598,261
"{ViewSonic Monitor} => {Dell Desktop}",0.0265378749364515,0.240552995391705,1.7950217827598,261
"{Dell Desktop} => {Acer Desktop}",0.0276563294356889,0.206373292867982,2.02563007520619,272
"{Acer Desktop} => {Dell Desktop}",0.0276563294356889,0.271457085828343,2.02563007520619,272
"{Dell Desktop} => {Microsoft Wireless Desktop Keyboard and Mouse}",0.0165734621250635,0.123672230652504,1.25522847107056,163
"{Microsoft Wireless Desktop Keyboard and Mouse} => {Dell Desktop}",0.0165734621250635,0.168214654282766,1.25522847107056,163
"{Dell Desktop} => {Samsung Monitor}",0.0168784951703101,0.125948406676783,1.31636830995341,166
"{Samsung Monitor} => {Dell Desktop}",0.0168784951703101,0.176408076514346,1.31636830995341,166
"{Dell Desktop} => {3-Button Mouse}",0.0175902389425521,0.131259484066768,1.47535660091047,173
"{3-Button Mouse} => {Dell Desktop}",0.0175902389425521,0.197714285714286,1.47535660091047,173
"{Dell Desktop} => {Acer Aspire}",0.0236908998474835,0.176783004552352,2.13594698989236,233
"{Acer Aspire} => {Dell Desktop}",0.0236908998474835,0.286240786240786,2.13594698989236,233
"{Dell Desktop} => {Backlit LED Gaming Keyboard}",0.0144382308083376,0.107738998482549,1.34982554149793,142
"{Backlit LED Gaming Keyboard} => {Dell Desktop}",0.0144382308083376,0.180891719745223,1.34982554149793,142
"{Dell Laptop} => {Dell Desktop}",0.0133197763091002,0.168814432989691,1.25970405800729,131
"{Dell Desktop} => {HP Monitor}",0.0177935943060498,0.132776934749621,1.83665422399792,175
"{HP Monitor} => {Dell Desktop}",0.0177935943060498,0.246132208157525,1.83665422399792,175
"{Dell Desktop} => {Apple Magic Keyboard}",0.0173868835790544,0.129742033383915,1.80994737351887,171
"{Apple Magic Keyboard} => {Dell Desktop}",0.0173868835790544,0.242553191489362,1.80994737351887,171
"{Dell Desktop} => {Microsoft Office Home and Student 2016}",0.0157600406710727,0.117602427921093,1.76853192447086,155
"{Microsoft Office Home and Student 2016} => {Dell Desktop}",0.0157600406710727,0.237003058103976,1.76853192447086,155
"{Logitech 3-button Mouse} => {Dell Desktop}",0.0133197763091002,0.205329153605016,1.53217923042893,131
"{Apple Wireless Keyboard} => {Dell Desktop}",0.0128113879003559,0.197492163009404,1.47369910713012,126
"{Acer Monitor} => {Dell Desktop}",0.0120996441281139,0.205172413793103,1.53100962796295,119
"{Dell Desktop} => {Belkin Mouse Pad}",0.013421453990849,0.100151745068285,1.71005627212949,132
"{Belkin Mouse Pad} => {Dell Desktop}",0.013421453990849,0.229166666666667,1.71005627212949,132
"{LG Monitor} => {Dell Desktop}",0.012709710218607,0.220458553791887,1.64507577886435,125
"{Dell Desktop} => {ASUS 2 Monitor}",0.0143365531265887,0.106980273141123,1.85564547855898,141
"{ASUS 2 Monitor} => {Dell Desktop}",0.0143365531265887,0.248677248677249,1.85564547855898,141
"{ASUS Monitor} => {Dell Desktop}",0.0125063548551093,0.225688073394495,1.68409878743161,123
"{iPad Pro} => {Dell Desktop}",0.0126080325368582,0.240776699029126,1.79669107355953,124
"{Epson Printer} => {Dell Desktop}",0.0110828673106253,0.230443974630021,1.71958762555862,109
"{AOC Monitor} => {Dell Desktop}",0.0109811896288765,0.260869565217391,1.94662532163357,108
"{Apple MacBook Pro} => {ViewSonic Monitor}",0.0160650737163193,0.145354185832567,1.31756536190165,158
"{ViewSonic Monitor} => {Apple MacBook Pro}",0.0160650737163193,0.145622119815668,1.31756536190165,158
"{Apple MacBook Pro} => {Acer Desktop}",0.015556685307575,0.140754369825207,1.38155611500091,153
"{Acer Desktop} => {Apple MacBook Pro}",0.015556685307575,0.152694610778443,1.38155611500091,153
"{Microsoft Wireless Desktop Keyboard and Mouse} => {Apple MacBook Pro}",0.0109811896288765,0.111455108359133,1.00842777434413,108
"{Apple MacBook Pro} => {Samsung Monitor}",0.0122013218098627,0.110395584176633,1.15381569646885,120
"{Samsung Monitor} => {Apple MacBook Pro}",0.0122013218098627,0.127523910733262,1.15381569646885,120
"{Apple MacBook Pro} => {Acer Aspire}",0.0135231316725979,0.122355105795768,1.47833226720071,133
"{Acer Aspire} => {Apple MacBook Pro}",0.0135231316725979,0.163390663390663,1.47833226720071,133
"{Apple MacBook Pro} => {Backlit LED Gaming Keyboard}",0.011286222674123,0.102115915363385,1.27937583133617,111
"{Backlit LED Gaming Keyboard} => {Apple MacBook Pro}",0.011286222674123,0.14140127388535,1.27937583133617,111
"{Apple MacBook Pro} => {HP Monitor}",0.0142348754448399,0.128794848206072,1.78157149382098,140
"{HP Monitor} => {Apple MacBook Pro}",0.0142348754448399,0.19690576652602,1.78157149382098,140
"{Belkin Mouse Pad} => {Apple MacBook Pro}",0.0102694458566345,0.175347222222222,1.58651327558009,101
"{ViewSonic Monitor} => {Acer Desktop}",0.0185053380782918,0.167741935483871,1.64644903740905,182
"{Acer Desktop} => {ViewSonic Monitor}",0.0185053380782918,0.181636726546906,1.64644903740905,182
"{ViewSonic Monitor} => {Microsoft Wireless Desktop Keyboard and Mouse}",0.0130147432638536,0.117972350230415,1.1973767435667,128
"{Microsoft Wireless Desktop Keyboard and Mouse} => {ViewSonic Monitor}",0.0130147432638536,0.132094943240454,1.1973767435667,128
"{ViewSonic Monitor} => {Samsung Monitor}",0.0153533299440773,0.139170506912442,1.45456103664598,151
"{Samsung Monitor} => {ViewSonic Monitor}",0.0153533299440773,0.160467587672689,1.45456103664598,151
"{ViewSonic Monitor} => {3-Button Mouse}",0.0110828673106253,0.100460829493088,1.1291797235023,109
"{3-Button Mouse} => {ViewSonic Monitor}",0.0110828673106253,0.124571428571429,1.1291797235023,109
"{ViewSonic Monitor} => {Acer Aspire}",0.0178952719877987,0.16221198156682,1.95989537925022,176
"{Acer Aspire} => {ViewSonic Monitor}",0.0178952719877987,0.216216216216216,1.95989537925022,176
"{ViewSonic Monitor} => {Backlit LED Gaming Keyboard}",0.0115912557193696,0.105069124423963,1.31637559071296,114
"{Backlit LED Gaming Keyboard} => {ViewSonic Monitor}",0.0115912557193696,0.145222929936306,1.31637559071296,114
"{ViewSonic Monitor} => {HP Monitor}",0.011997966446365,0.108755760368664,1.50437820425571,118
"{HP Monitor} => {ViewSonic Monitor}",0.011997966446365,0.165963431786217,1.50437820425571,118
"{ViewSonic Monitor} => {Apple Magic Keyboard}",0.0173868835790544,0.157603686635945,2.19862731640357,171
"{Apple Magic Keyboard} => {ViewSonic Monitor}",0.0173868835790544,0.242553191489362,2.19862731640357,171
"{ViewSonic Monitor} => {Microsoft Office Home and Student 2016}",0.0151499745805796,0.137327188940092,2.06515734438197,149
"{Microsoft Office Home and Student 2016} => {ViewSonic Monitor}",0.0151499745805796,0.22782874617737,2.06515734438197,149
"{Logitech 3-button Mouse} => {ViewSonic Monitor}",0.0103711235383833,0.15987460815047,1.44918596420265,102
"{Acer Monitor} => {ViewSonic Monitor}",0.0103711235383833,0.175862068965517,1.59410456062291,102
"{ViewSonic Monitor} => {Belkin Mouse Pad}",0.0110828673106253,0.100460829493088,1.71533378136201,109
"{Belkin Mouse Pad} => {ViewSonic Monitor}",0.0110828673106253,0.189236111111111,1.71533378136201,109
"{ViewSonic Monitor} => {LG Monitor}",0.0138281647178444,0.125345622119816,2.1742049268931,136
"{LG Monitor} => {ViewSonic Monitor}",0.0138281647178444,0.239858906525573,2.1742049268931,136
"{ViewSonic Monitor} => {ASUS 2 Monitor}",0.0115912557193696,0.105069124423963,1.82249530636627,114
"{ASUS 2 Monitor} => {ViewSonic Monitor}",0.0115912557193696,0.201058201058201,1.82249530636627,114
"{ViewSonic Monitor} => {ASUS Monitor}",0.0129130655821047,0.11705069124424,2.11228174015981,127
"{ASUS Monitor} => {ViewSonic Monitor}",0.0129130655821047,0.23302752293578,2.11228174015981,127
"{ViewSonic Monitor} => {ASUS Chromebook}",0.0174885612608033,0.15852534562212,3.02150537634409,172
"{ASUS Chromebook} => {ViewSonic Monitor}",0.0174885612608033,0.333333333333333,3.02150537634409,172
"{iPad Pro} => {ViewSonic Monitor}",0.0101677681748856,0.194174757281553,1.76010021922956,100
"{ViewSonic Monitor} => {Epson Printer}",0.0117946110828673,0.106912442396313,2.22301029802905,116
"{Epson Printer} => {ViewSonic Monitor}",0.0117946110828673,0.245243128964059,2.22301029802905,116
"{HP Wireless Mouse} => {ViewSonic Monitor}",0.0108795119471276,0.25,2.26612903225806,107
"{ViewSonic Monitor} => {Computer Game}",0.011997966446365,0.108755760368664,2.58986175115207,118
"{Computer Game} => {ViewSonic Monitor}",0.011997966446365,0.285714285714286,2.58986175115207,118
"{Acer Desktop} => {Microsoft Wireless Desktop Keyboard and Mouse}",0.0133197763091002,0.130738522954092,1.32694878560732,131
"{Microsoft Wireless Desktop Keyboard and Mouse} => {Acer Desktop}",0.0133197763091002,0.135190918472652,1.32694878560732,131
"{Acer Desktop} => {Samsung Monitor}",0.0129130655821047,0.126746506986028,1.32470977280296,127
"{Samsung Monitor} => {Acer Desktop}",0.0129130655821047,0.134962805526036,1.32470977280296,127
"{Acer Desktop} => {3-Button Mouse}",0.0122013218098627,0.119760479041916,1.34610778443114,120
"{3-Button Mouse} => {Acer Desktop}",0.0122013218098627,0.137142857142857,1.34610778443114,120
"{Acer Desktop} => {Acer Aspire}",0.0158617183528216,0.155688622754491,1.88107813856317,156
"{Acer Aspire} => {Acer Desktop}",0.0158617183528216,0.191646191646192,1.88107813856317,156
"{Acer Desktop} => {Dell Laptop}",0.011286222674123,0.110778443113772,1.40400256188654,111
"{Dell Laptop} => {Acer Desktop}",0.011286222674123,0.143041237113402,1.40400256188654,111
"{Acer Desktop} => {HP Monitor}",0.012709710218607,0.124750499001996,1.72562750729203,125
"{HP Monitor} => {Acer Desktop}",0.012709710218607,0.175808720112518,1.72562750729203,125
"{Acer Desktop} => {Apple Magic Keyboard}",0.0107778342653787,0.105788423153693,1.47578601661924,106
"{Apple Magic Keyboard} => {Acer Desktop}",0.0107778342653787,0.150354609929078,1.47578601661924,106
"{Acer Desktop} => {Microsoft Office Home and Student 2016}",0.0115912557193696,0.11377245508982,1.71093592631251,114
"{Microsoft Office Home and Student 2016} => {Acer Desktop}",0.0115912557193696,0.174311926605505,1.71093592631251,114
"{Belkin Mouse Pad} => {Acer Desktop}",0.0100660904931368,0.171875,1.68701659181637,99
"{Microsoft Wireless Desktop Keyboard and Mouse} => {Samsung Monitor}",0.0158617183528216,0.160990712074303,1.68261812247691,156
"{Samsung Monitor} => {Microsoft Wireless Desktop Keyboard and Mouse}",0.0158617183528216,0.165781083953241,1.68261812247691,156
"{Microsoft Wireless Desktop Keyboard and Mouse} => {3-Button Mouse}",0.0118962887646162,0.120743034055728,1.35715170278638,117
"{3-Button Mouse} => {Microsoft Wireless Desktop Keyboard and Mouse}",0.0118962887646162,0.133714285714286,1.35715170278638,117
"{Microsoft Wireless Desktop Keyboard and Mouse} => {Dell Laptop}",0.0123029994916116,0.124871001031992,1.58261120508974,121
"{Dell Laptop} => {Microsoft Wireless Desktop Keyboard and Mouse}",0.0123029994916116,0.155927835051546,1.58261120508974,121
"{Microsoft Wireless Desktop Keyboard and Mouse} => {HP Monitor}",0.0106761565836299,0.108359133126935,1.4988918063339,105
"{HP Monitor} => {Microsoft Wireless Desktop Keyboard and Mouse}",0.0106761565836299,0.147679324894515,1.4988918063339,105
"{Microsoft Wireless Desktop Keyboard and Mouse} => {Apple Wireless Keyboard}",0.0101677681748856,0.103199174406605,1.59085247694194,100
"{Apple Wireless Keyboard} => {Microsoft Wireless Desktop Keyboard and Mouse}",0.0101677681748856,0.156739811912226,1.59085247694194,100
"{Samsung Monitor} => {3-Button Mouse}",0.0129130655821047,0.134962805526036,1.51698193411265,127
"{3-Button Mouse} => {Samsung Monitor}",0.0129130655821047,0.145142857142857,1.51698193411265,127
"{Samsung Monitor} => {Acer Aspire}",0.0115912557193696,0.121147715196599,1.46374420019478,114
"{Acer Aspire} => {Samsung Monitor}",0.0115912557193696,0.14004914004914,1.46374420019478,114
"{Samsung Monitor} => {HP Monitor}",0.0103711235383833,0.108395324123273,1.49939242299914,102
"{HP Monitor} => {Samsung Monitor}",0.0103711235383833,0.143459915611814,1.49939242299914,102
"{Samsung Monitor} => {Logitech 3-button Mouse}",0.0106761565836299,0.111583421891605,1.72009867445757,105
"{Logitech 3-button Mouse} => {Samsung Monitor}",0.0106761565836299,0.164576802507837,1.72009867445757,105
"{Samsung Monitor} => {Acer Monitor}",0.0101677681748856,0.106269925611052,1.80200813514603,100
"{Acer Monitor} => {Samsung Monitor}",0.0101677681748856,0.172413793103448,1.80200813514603,100
"{3-Button Mouse} => {Dell Laptop}",0.011286222674123,0.126857142857143,1.60778350515464,111
"{Dell Laptop} => {3-Button Mouse}",0.011286222674123,0.143041237113402,1.60778350515464,111
"{Acer Aspire} => {HP Monitor}",0.0103711235383833,0.125307125307125,1.73332711307395,102
"{HP Monitor} => {Acer Aspire}",0.0103711235383833,0.143459915611814,1.73332711307395,102
"{Acer Aspire} => {Apple Magic Keyboard}",0.0108795119471276,0.131449631449631,1.83376897206684,107
"{Apple Magic Keyboard} => {Acer Aspire}",0.0108795119471276,0.15177304964539,1.83376897206684,107
"{Acer Aspire} => {Microsoft Office Home and Student 2016}",0.0107778342653787,0.13022113022113,1.9582948252673,106
"{Microsoft Office Home and Student 2016} => {Acer Aspire}",0.0107778342653787,0.162079510703364,1.9582948252673,106
"{Apple Magic Keyboard} => {Microsoft Office Home and Student 2016}",0.0100660904931368,0.140425531914894,2.1117509271911,99
"{Microsoft Office Home and Student 2016} => {Apple Magic Keyboard}",0.0100660904931368,0.151376146788991,2.1117509271911,99
"{Apple Magic Keyboard} => {ASUS 2 Monitor}",0.0110828673106253,0.154609929078014,2.68181420190876,109
"{ASUS 2 Monitor} => {Apple Magic Keyboard}",0.0110828673106253,0.192239858906526,2.68181420190876,109
"{Apple Magic Keyboard} => {ASUS Monitor}",0.0101677681748856,0.141843971631206,2.55969809356497,100
"{ASUS Monitor} => {Apple Magic Keyboard}",0.0101677681748856,0.18348623853211,2.55969809356497,100
"{HP Laptop,iMac} => {CYBERPOWER Gamer Desktop}",0.0179969496695475,0.238223418573351,1.29515053713041,177
"{CYBERPOWER Gamer Desktop,iMac} => {HP Laptop}",0.0179969496695475,0.317204301075269,1.63420864383199,177
"{CYBERPOWER Gamer Desktop,HP Laptop} => {iMac}",0.0179969496695475,0.422434367541766,1.64932195505092,177
"{HP Laptop,iMac} => {Apple Earpods}",0.0140315200813421,0.185733512786003,1.06512483862993,138
"{Apple Earpods,iMac} => {HP Laptop}",0.0140315200813421,0.348484848484849,1.79536327126689,138
"{Apple Earpods,HP Laptop} => {iMac}",0.0140315200813421,0.428571428571429,1.6732830488289,138
"{HP Laptop,iMac} => {Apple MacBook Air}",0.0102694458566345,0.135935397039031,0.873806947633248,101
"{Apple MacBook Air,iMac} => {HP Laptop}",0.0102694458566345,0.360714285714286,1.85836825563122,101
"{Apple MacBook Air,HP Laptop} => {iMac}",0.0102694458566345,0.426160337552743,1.66386936079048,101
"{HP Laptop,iMac} => {Lenovo Desktop Computer}",0.0230808337569903,0.305518169582773,2.06371648203748,227
"{iMac,Lenovo Desktop Computer} => {HP Laptop}",0.0230808337569903,0.392733564013841,2.02332875959986,227
"{HP Laptop,Lenovo Desktop Computer} => {iMac}",0.0230808337569903,0.5,1.95216355696705,227
"{HP Laptop,iMac} => {Dell Desktop}",0.0222674123029995,0.294751009421265,2.19945081764654,219
"{Dell Desktop,iMac} => {HP Laptop}",0.0222674123029995,0.407821229050279,2.10105908208984,219
"{Dell Desktop,HP Laptop} => {iMac}",0.0222674123029995,0.495475113122172,1.93449691844246,219
"{HP Laptop,iMac} => {Apple MacBook Pro}",0.0109811896288765,0.14535666218035,1.31516354419847,108
"{Apple MacBook Pro,iMac} => {HP Laptop}",0.0109811896288765,0.31858407079646,1.64131709601005,108
"{Apple MacBook Pro,HP Laptop} => {iMac}",0.0109811896288765,0.440816326530612,1.7210911359383,108
"{HP Laptop,iMac} => {ViewSonic Monitor}",0.0236908998474835,0.313593539703903,2.84257369860635,233
"{iMac,ViewSonic Monitor} => {HP Laptop}",0.0236908998474835,0.479423868312757,2.4699495782378,233
"{HP Laptop,ViewSonic Monitor} => {iMac}",0.0236908998474835,0.49364406779661,1.92734791853103,233
"{HP Laptop,iMac} => {Acer Desktop}",0.0159633960345704,0.211305518169583,2.0740416878222,157
"{Acer Desktop,iMac} => {HP Laptop}",0.0159633960345704,0.43854748603352,2.25935805402811,157
"{Acer Desktop,HP Laptop} => {iMac}",0.0159633960345704,0.511400651465798,1.99667542960148,157
"{HP Laptop,iMac} => {Samsung Monitor}",0.010574478901881,0.139973082099596,1.46294926934063,104
"{iMac,Samsung Monitor} => {HP Laptop}",0.010574478901881,0.342105263157895,1.76249620909266,104
"{HP Laptop,Samsung Monitor} => {iMac}",0.010574478901881,0.383763837638376,1.49833955663892,104
"{HP Laptop,iMac} => {3-Button Mouse}",0.010574478901881,0.139973082099596,1.57329744279946,104
"{3-Button Mouse,iMac} => {HP Laptop}",0.010574478901881,0.317073170731707,1.63353307184198,104
"{3-Button Mouse,HP Laptop} => {iMac}",0.010574478901881,0.466367713004484,1.82085210694685,104
"{HP Laptop,iMac} => {Acer Aspire}",0.013421453990849,0.177658142664872,2.14652067949511,132
"{Acer Aspire,iMac} => {HP Laptop}",0.013421453990849,0.437086092715232,2.25182908426103,132
"{Acer Aspire,HP Laptop} => {iMac}",0.013421453990849,0.461538461538462,1.80199712950805,132
"{HP Laptop,iMac} => {HP Monitor}",0.010574478901881,0.139973082099596,1.93619586842409,104
"{HP Monitor,iMac} => {HP Laptop}",0.010574478901881,0.393939393939394,2.02954108925822,104
"{HP Laptop,HP Monitor} => {iMac}",0.010574478901881,0.502415458937198,1.96159429878815,104
"{HP Laptop,iMac} => {Apple Magic Keyboard}",0.0147432638535841,0.195154777927322,2.7224783559081,145
"{Apple Magic Keyboard,iMac} => {HP Laptop}",0.0147432638535841,0.455974842767296,2.3491422622401,145
"{Apple Magic Keyboard,HP Laptop} => {iMac}",0.0147432638535841,0.51056338028169,1.99340644901565,145
"{HP Laptop,iMac} => {Microsoft Office Home and Student 2016}",0.0129130655821047,0.17092866756393,2.57046398393158,127
"{iMac,Microsoft Office Home and Student 2016} => {HP Laptop}",0.0129130655821047,0.416393442622951,2.14522237202552,127
"{HP Laptop,Microsoft Office Home and Student 2016} => {iMac}",0.0129130655821047,0.552173913043478,2.15586758030274,127
"{HP Laptop,iMac} => {LG Monitor}",0.0102694458566345,0.135935397039031,2.3578917634548,101
"{iMac,LG Monitor} => {HP Laptop}",0.0102694458566345,0.461187214611872,2.37599594327279,101
"{HP Laptop,LG Monitor} => {iMac}",0.0102694458566345,0.474178403755869,1.85134759862603,101
"{HP Laptop,iMac} => {ASUS 2 Monitor}",0.0110828673106253,0.146702557200538,2.54465546749082,109
"{ASUS 2 Monitor,iMac} => {HP Laptop}",0.0110828673106253,0.394927536231884,2.03463191138846,109
"{ASUS 2 Monitor,HP Laptop} => {iMac}",0.0110828673106253,0.582887700534759,2.27578425357656,109
"{HP Laptop,iMac} => {ASUS Monitor}",0.0117946110828673,0.156123822341857,2.81739044538012,116
"{ASUS Monitor,iMac} => {HP Laptop}",0.0117946110828673,0.426470588235294,2.19713893938927,116
"{ASUS Monitor,HP Laptop} => {iMac}",0.0117946110828673,0.582914572864322,2.27588917194149,116
"{CYBERPOWER Gamer Desktop,iMac} => {Lenovo Desktop Computer}",0.0160650737163193,0.283154121863799,1.91265164047422,158
"{iMac,Lenovo Desktop Computer} => {CYBERPOWER Gamer Desktop}",0.0160650737163193,0.273356401384083,1.48615821316333,158
"{CYBERPOWER Gamer Desktop,Lenovo Desktop Computer} => {iMac}",0.0160650737163193,0.446327683615819,1.74260927684064,158
"{CYBERPOWER Gamer Desktop,iMac} => {Dell Desktop}",0.0136248093543467,0.240143369175627,1.79196512582875,134
"{Dell Desktop,iMac} => {CYBERPOWER Gamer Desktop}",0.0136248093543467,0.249534450651769,1.35664528588179,134
"{CYBERPOWER Gamer Desktop,Dell Desktop} => {iMac}",0.0136248093543467,0.448160535117057,1.74976532865274,134
"{CYBERPOWER Gamer Desktop,iMac} => {ViewSonic Monitor}",0.0128113879003559,0.225806451612903,2.0468262226847,126
"{iMac,ViewSonic Monitor} => {CYBERPOWER Gamer Desktop}",0.0128113879003559,0.259259259259259,1.40951620498331,126
"{CYBERPOWER Gamer Desktop,ViewSonic Monitor} => {iMac}",0.0128113879003559,0.527196652719665,2.05834818558869,126
"{Apple Earpods,iMac} => {Lenovo Desktop Computer}",0.0107778342653787,0.267676767676768,1.80810508935509,106
"{iMac,Lenovo Desktop Computer} => {Apple Earpods}",0.0107778342653787,0.183391003460208,1.05169126474119,106
"{Apple Earpods,Lenovo Desktop Computer} => {iMac}",0.0107778342653787,0.377224199288256,1.47280666931322,106
"{Apple Earpods,iMac} => {Dell Desktop}",0.0111845449923742,0.277777777777778,2.07279548136908,110
"{Dell Desktop,iMac} => {Apple Earpods}",0.0111845449923742,0.204841713221601,1.17470451867898,110
"{Apple Earpods,Dell Desktop} => {iMac}",0.0111845449923742,0.411985018726592,1.60852427914888,110
"{iMac,Lenovo Desktop Computer} => {Dell Desktop}",0.0186070157600407,0.316608996539792,2.36255651059853,183
"{Dell Desktop,iMac} => {Lenovo Desktop Computer}",0.0186070157600407,0.340782122905028,2.30191770519983,183
"{Dell Desktop,Lenovo Desktop Computer} => {iMac}",0.0186070157600407,0.506925207756233,1.97920183337934,183
"{iMac,Lenovo Desktop Computer} => {ViewSonic Monitor}",0.0157600406710727,0.268166089965398,2.43079584775086,155
"{iMac,ViewSonic Monitor} => {Lenovo Desktop Computer}",0.0157600406710727,0.318930041152263,2.15431109528332,155
"{Lenovo Desktop Computer,ViewSonic Monitor} => {iMac}",0.0157600406710727,0.555555555555556,2.16907061885228,155
"{iMac,Lenovo Desktop Computer} => {Acer Desktop}",0.0123029994916116,0.209342560553633,2.05477453397703,121
"{Acer Desktop,iMac} => {Lenovo Desktop Computer}",0.0123029994916116,0.337988826815642,2.28304952728835,121
"{Acer Desktop,Lenovo Desktop Computer} => {iMac}",0.0123029994916116,0.530701754385965,2.07203324906152,121
"{iMac,Lenovo Desktop Computer} => {Acer Aspire}",0.0108795119471276,0.185121107266436,2.23669052821302,107
"{Acer Aspire,iMac} => {Lenovo Desktop Computer}",0.0108795119471276,0.354304635761589,2.39325967906266,107
"{Acer Aspire,Lenovo Desktop Computer} => {iMac}",0.0108795119471276,0.484162895927602,1.89033032213099,107
"{iMac,Lenovo Desktop Computer} => {Apple Magic Keyboard}",0.0113879003558719,0.193771626297578,2.70318290019387,112
"{Apple Magic Keyboard,iMac} => {Lenovo Desktop Computer}",0.0113879003558719,0.352201257861635,2.37905176584422,112
"{Apple Magic Keyboard,Lenovo Desktop Computer} => {iMac}",0.0113879003558719,0.516129032258065,2.01513657493373,112
"{iMac,Lenovo Desktop Computer} => {ASUS 2 Monitor}",0.0108795119471276,0.185121107266436,3.21105130505361,107
"{ASUS 2 Monitor,iMac} => {Lenovo Desktop Computer}",0.0108795119471276,0.38768115942029,2.61871167781494,107
"{ASUS 2 Monitor,Lenovo Desktop Computer} => {iMac}",0.0108795119471276,0.591160220994475,2.308082879508,107
"{Dell Desktop,iMac} => {Apple MacBook Pro}",0.0100660904931368,0.184357541899441,1.66803718912696,99
"{Apple MacBook Pro,iMac} => {Dell Desktop}",0.0100660904931368,0.292035398230089,2.17918675386413,99
"{Apple MacBook Pro,Dell Desktop} => {iMac}",0.0100660904931368,0.454128440366972,1.77306598293338,99
"{Dell Desktop,iMac} => {ViewSonic Monitor}",0.0147432638535841,0.270018621973929,2.44758815402175,145
"{iMac,ViewSonic Monitor} => {Dell Desktop}",0.0147432638535841,0.298353909465021,2.22633588739642,145
"{Dell Desktop,ViewSonic Monitor} => {iMac}",0.0147432638535841,0.555555555555556,2.16907061885228,145
"{Dell Desktop,iMac} => {Acer Desktop}",0.0118962887646162,0.217877094972067,2.13854414076874,117
"{Acer Desktop,iMac} => {Dell Desktop}",0.0118962887646162,0.326815642458101,2.43871915294038,117
"{Acer Desktop,Dell Desktop} => {iMac}",0.0118962887646162,0.430147058823529,1.67943482474371,117
"{Dell Desktop,iMac} => {Acer Aspire}",0.0110828673106253,0.202979515828678,2.45246134910939,109
"{Acer Aspire,iMac} => {Dell Desktop}",0.0110828673106253,0.360927152317881,2.69326141354048,109
"{Acer Aspire,Dell Desktop} => {iMac}",0.0110828673106253,0.467811158798283,1.82648779149707,109
"{Dell Desktop,iMac} => {Apple Magic Keyboard}",0.0101677681748856,0.186219739292365,2.59783139849703,100
"{Apple Magic Keyboard,iMac} => {Dell Desktop}",0.0101677681748856,0.314465408805031,2.34656092230462,100
"{Apple Magic Keyboard,Dell Desktop} => {iMac}",0.0101677681748856,0.584795321637427,2.28323223037082,100
"{iMac,ViewSonic Monitor} => {Acer Desktop}",0.0100660904931368,0.203703703703704,1.99942707178236,99
"{Acer Desktop,iMac} => {ViewSonic Monitor}",0.0100660904931368,0.276536312849162,2.50666786808434,99
"{Acer Desktop,ViewSonic Monitor} => {iMac}",0.0100660904931368,0.543956043956044,2.12378233120591,99
"{CYBERPOWER Gamer Desktop,HP Laptop} => {Lenovo Desktop Computer}",0.011997966446365,0.281622911694511,1.90230861024417,118
"{HP Laptop,Lenovo Desktop Computer} => {CYBERPOWER Gamer Desktop}",0.011997966446365,0.259911894273128,1.41306438926269,118
"{CYBERPOWER Gamer Desktop,Lenovo Desktop Computer} => {HP Laptop}",0.011997966446365,0.333333333333333,1.71730399860311,118
"{CYBERPOWER Gamer Desktop,HP Laptop} => {ViewSonic Monitor}",0.0122013218098627,0.286396181384248,2.59604280545077,120
"{HP Laptop,ViewSonic Monitor} => {CYBERPOWER Gamer Desktop}",0.0122013218098627,0.254237288135593,1.38221322764708,120
"{CYBERPOWER Gamer Desktop,ViewSonic Monitor} => {HP Laptop}",0.0122013218098627,0.502092050209205,2.5867340564733,120
"{HP Laptop,Lenovo Desktop Computer} => {Dell Desktop}",0.0150482968988307,0.325991189427313,2.43256703187983,148
"{Dell Desktop,HP Laptop} => {Lenovo Desktop Computer}",0.0150482968988307,0.334841628959276,2.26179081099896,148
"{Dell Desktop,Lenovo Desktop Computer} => {HP Laptop}",0.0150482968988307,0.409972299168975,2.11214120603817,148
"{HP Laptop,Lenovo Desktop Computer} => {ViewSonic Monitor}",0.0140315200813421,0.303964757709251,2.75529344891289,138
"{HP Laptop,ViewSonic Monitor} => {Lenovo Desktop Computer}",0.0140315200813421,0.292372881355932,1.97492258800522,138
"{Lenovo Desktop Computer,ViewSonic Monitor} => {HP Laptop}",0.0140315200813421,0.494623655913978,2.54825754631429,138
"{HP Laptop,Lenovo Desktop Computer} => {Apple Magic Keyboard}",0.010574478901881,0.229074889867841,3.19567594588684,104
"{Apple Magic Keyboard,HP Laptop} => {Lenovo Desktop Computer}",0.010574478901881,0.366197183098592,2.47359154929577,104
"{Apple Magic Keyboard,Lenovo Desktop Computer} => {HP Laptop}",0.010574478901881,0.47926267281106,2.46911911319894,104
"{Dell Desktop,HP Laptop} => {ViewSonic Monitor}",0.0152516522623284,0.339366515837104,3.07619325645891,150
"{HP Laptop,ViewSonic Monitor} => {Dell Desktop}",0.0152516522623284,0.317796610169492,2.37141855919344,150
"{Dell Desktop,ViewSonic Monitor} => {HP Laptop}",0.0152516522623284,0.574712643678161,2.96086896310881,150
"{Dell Desktop,HP Laptop} => {Acer Desktop}",0.0124046771733604,0.276018099547511,2.70921956990995,122
"{Acer Desktop,HP Laptop} => {Dell Desktop}",0.0124046771733604,0.397394136807818,2.96538037595211,122
"{Acer Desktop,Dell Desktop} => {HP Laptop}",0.0124046771733604,0.448529411764706,2.31078405694389,122
"{Dell Desktop,HP Laptop} => {Acer Aspire}",0.0110828673106253,0.246606334841629,2.97957408251526,109
"{Acer Aspire,HP Laptop} => {Dell Desktop}",0.0110828673106253,0.381118881118881,2.84393338073156,109
"{Acer Aspire,Dell Desktop} => {HP Laptop}",0.0110828673106253,0.467811158798283,2.41012192078634,109
"{HP Laptop,ViewSonic Monitor} => {Acer Aspire}",0.0107778342653787,0.224576271186441,2.71340003331529,106
"{Acer Aspire,HP Laptop} => {ViewSonic Monitor}",0.0107778342653787,0.370629370629371,3.359575907963,106
"{Acer Aspire,ViewSonic Monitor} => {HP Laptop}",0.0107778342653787,0.602272727272727,3.10285608838516,106
"{CYBERPOWER Gamer Desktop,Lenovo Desktop Computer} => {Dell Desktop}",0.0101677681748856,0.282485875706215,2.10792760817194,100
"{CYBERPOWER Gamer Desktop,Dell Desktop} => {Lenovo Desktop Computer}",0.0101677681748856,0.334448160535117,2.25913300746077,100
"{Dell Desktop,Lenovo Desktop Computer} => {CYBERPOWER Gamer Desktop}",0.0101677681748856,0.277008310249307,1.50601256567271,100
